ID,Name,Link,Status,Rating,"Delinquency Rate","Delinquency Rate Note","Default Rate","Default Rate Note","Charges fees and interest?","Due Diligence Type","Currency Exchange Loss Rate","Portfolio Yield","Portfolio Yield Note","Secular Rating","Secular Rating Comments","Social Rating","Social Rating Comments","Religious Affiliation","Loans At Risk Rate","Total Amount Raised (All Loans)","Number of Loans Posted (All Loans)","Number of Defaulted Loans","Total Amount Raised (Defaulted Loans)","Total Amount Paid (Defaulted Loans)","Total Amount Lost (Defaulted Loans)",Countries,"Start Date (UTC)","Average Loan Size Percent Per Capita Income",Profitability,URL
9,"Phillip Bank",http://kiva.org/partners/9,inactive,4,3.0800,0,0.2442,0,1,,0,12.97,0,11,1,0,"One of the core values is
CHRISTIAN FAITH : Acting in accordance with Christ's love
WORLD RELIEFS statement:
""Thank you for your message. While World Relief is no longer the primary shareholder of KREDIT MFI, we will work with communities through Savings Groups to as you say, share the gospel, train disciples, and empower the church. In 2017, we were blessed to work with over 2,200 Savings Groups members in Tbong Khmom, Kampong Thom, and Kandal provinces, and we continue to see this program expose non-believing community members to the Good News through the lessons and peer-to-peer discipleship opportunity each savings group offers."" ",4.5,9.1710,"18,455,240",0,0,0,0,0,Cambodia,"03-May-2006 03:56:20 pm",0.0000,0.9000,http://www.credit.com.kh
15,"South Pacific Business Development (SPBD) - Samoa",http://kiva.org/partners/15,active,3.5,10.5724,0,0.3128,0,1,,0.0079931485440656,28.71,0,9,4,0,"No mention of religion",3.5,12.9481,"19,995,750",176,0,0,0,0,Samoa,"01-Aug-2006 01:22:22 am",0.0000,4.2400,http://www.spbdmicrofinance.com/
23,"Microbanco Confianca SA.",http://kiva.org/partners/23,active,2.5,4.3911,0,0.5156,0,1,,2.6124397804415,53.68,0,13,4,0,"Minimal information available, but appears secular",2.5,6.8555,"6,240,705",84,0,0,0,0,Mozambique,"18-Nov-2006 06:36:56 pm",0.0000,-1.7500,https://www.confianca.co.mz/
44,"Esperanza International Dominican Republic",http://kiva.org/partners/44,active,1.5,7.4729,0,0.9432,0,1,,0.020118325820357,25.75,0,2,1,0,"""It is our policy to provide assistance to those in need, regardless of 
religious or political persuasion, and that it will not be withheld for 
lack of certain sectarian, religious or political beliefs"". However: on their social page they state that they promote religion  http://esperanza.org/us/content/view/59/47/",2,21.7219,"10,557,290",18,0,0,0,0,"Dominican Republic","20-Feb-2007 05:17:43 am",0.0000,-2.4000,http://www.esperanza.org
48,IMPRO,http://kiva.org/partners/48,active,2,19.4063,0,0.0374,0,1,,0,19.67,0,100,4,0,"Observe traditional Bolivian culture, which is based on nature.  Despite Catholicism being the most common religion in the region there is no mention of it.
""This activity is repeated in the traditional one challa of Carnivals, a traditional ritual of the aymara culture that serves to yield homage to the land (Mother Earth) and to ask for its complacency toward our work and the development of the same one. """,2,29.8379,"6,772,635",24,0,0,0,0,Bolivia,"26-Mar-2007 06:25:30 am",0.0000,-1.3000,http://www.improbolivia.org
55,"Friendship Bridge",http://kiva.org/partners/55,active,3,0.4470,0,0.4448,0,1,,0,52.11,0,0,4,0,"No mention of religion.  Associated with Feel Good LLC it seems (identical address in Colorado USA), which is also secular. P: agree",3,1.0498,"20,837,425",66,0,0,0,0,Guatemala,"07-May-2007 02:47:26 pm",0.0000,2.7000,http://www.friendshipbridge.org
58,"Fundación Paraguaya",http://kiva.org/partners/58,active,4,10.5152,0,0.4624,0,1,,0.22502312898334,89.03,0,8,4,0,"""Our concept of development has a humanistic vision"".  ",4,14.9475,"108,494,825",132,0,0,0,0,Paraguay,"23-May-2007 06:53:44 pm",0.0000,3.0400,http://www.fundacionparaguaya.org.py
59,"Fundación Pro Mujer",http://kiva.org/partners/59,active,3.5,32.9883,0,0.0497,0,1,,0,25.63,0,24,4,0,"No mention of religion. ",3.5,35.2453,"29,583,445",65,0,0,0,0,Bolivia,"18-Jul-2007 06:16:15 am",0.0000,1.0300,http://www.promujer.org
62,"BPW Laghubitta Bittiya Sanstha Limited",http://kiva.org/partners/62,active,1.5,4.7348,0,0.0000,0,1,,0.1173452612351,21.73,0,58,4,0,"No mention of religion",1.5,9.2800,"1,067,525",0,0,0,0,0,Nepal,"27-Sep-2007 05:21:38 am",0.0000,-4.3000,http://www.bpwnepal.org.np/
63,Humo,http://kiva.org/partners/63,active,4,0.3283,0,0.2895,0,1,,0.92799674730201,33.76,0,1,4,0,"No mention of religion.  Formed by CARE International, which doesn't seem to be religious.
Jan 2018: reconfirmed, no mention of religion on the website",4,1.4443,"29,858,290",173,0,0,0,0,Tajikistan,"05-Jun-2007 09:23:50 pm",0.0000,7.4400,https://www.humo.tj/en/
65,"BRAC Uganda",http://kiva.org/partners/65,active,3,5.1601,0,0.7214,0,1,,0.34553519781471,48.79,0,18,4,0,"BRAC is in many countries, founded by 
Fazle Hasan Abed who is quoted as saying ""I would like to think of myself as a free thinker - not having much faith in the rituals of religion but a strong mooring in the core ethical and human values.""",3,17.1518,"10,459,030",124,0,0,0,0,Uganda,"22-Dec-2007 09:17:06 pm",0.0000,0.3000,http://www.brac.net
80,"Palestine for Credit & Development (FATEN)",http://kiva.org/partners/80,active,4,3.2669,0,0.1901,0,1,,0,13.32,0,10,4,0,"Started by Save the Children (secular).  Approx. 20% are Islamic loans (Morabaha) but due to higher cost FATEN appears to discourage it.",4,14.1222,"36,202,905",11,0,0,0,0,"Jordan, Palestine","18-Jun-2009 07:20:05 pm",0.0000,2.4200,http://www.faten.org/
81,"Apoyo Integral",http://kiva.org/partners/81,inactive,3.5,0.0000,0,3.4643,0,1,,0,25,0,0,4,0,"Partner with ACCION (secular).",3.5,0.0000,"11,428,500",0,0,0,0,0,"El Salvador","19-Dec-2007 06:40:05 am",0.0000,1.8000,http://www.integral.com.sv
87,"Tujijenge Tanzania",http://kiva.org/partners/87,active,2,0.0000,0,1.6791,0,1,,0.28340997099759,67,0,100,4,0,"No mention of religion.",2,0.0000,"15,429,750",0,0,0,0,0,Tanzania,"07-Nov-2007 09:20:04 pm",0.0000,-12.9000,http://www.tujijengeafrika.org/
97,FAPE,http://kiva.org/partners/97,active,1,5.9585,0,1.3364,0,1,,0,42.53,0,10,1,0,"Website states ""We are a Christian institution"". Mission statement promotes religion ""Promote the fundamental development of the micro and small business communities, providing them financial services, training and Christian orientation through careful personal attention."" ""FAPE's vision to bring the message of Christ to Guatemala is paramount in the design of the training program. Each session includes biblical lessons and passages to affirm the various content being taught.""",1,9.1571,"5,986,510",6,0,0,0,0,Guatemala,"11-Dec-2007 02:25:05 am",0.0000,0.3500,http://www.fundacionfape.org
98,AFODENIC,http://kiva.org/partners/98,paused,1,100.0000,0,0.7226,0,1,,0.014250217752105,22.4,0,100,4,0,"No mention of religion or secularity.  Main source of funding is Fundacion Barcelo, which appears to be secular.",1,100.0000,"5,769,175",0,0,0,0,0,Nicaragua,"17-Dec-2007 07:45:04 am",0.0000,-2.6000,http://www.afodenic.com
100,"IMON International",http://kiva.org/partners/100,active,4,0.4109,0,0.0902,0,1,,0.55977133502805,28.84,0,2,3,0,"No mention of religion or secularity. Founded by a Tajikistan women's organisation plus Mercy corps which is secular despite the ""mercy"" in their name. One of the partners is MEDA, which is mennonite (source: http://www.meda.org/about-imon-tajikistan). A 3 for that reason only (no other religious events/wishes mentioned anywhere).",4,2.6348,"32,925,900",287,0,0,0,0,Tajikistan,"24-Dec-2007 05:55:13 pm",0.0000,2.1800,https://imon.tj/en/#/
105,"CAURIE Microfinance",http://kiva.org/partners/105,active,3.5,5.2423,0,0.0540,0,1,,0.67263513320744,19.05,0,3,2,0,"Established in October 2005 by Catholic Relief Services (CRS) Senegal and Caritas Senegal. Caritas Senegal is overtly religious ""Jesus raises us to our feet, as an instrument of the social ministry of the Church of Senegal..."" Contact information on the diocese site confirms contiuing partneship: ""CAURIE MICROFINANCE (Cooperative AUtonome for the Strengthening of Economic Initiatives by MicroFinance) is a microfinance institution of the Catholic Church of Senegal. CAURIE-MF was created on October 1, 2005 under the legal entity of Société à Responsabilité Limitée (Sarl), and will become a savings and credit cooperative in 2009.""
Previous: No mention of religion or secularity, but partners with Catholic Relief Services who ""Although our mission is rooted in the Catholic faith, our operations serve people based solely on need, regardless of their race, religion or ethnicity.""  Board of Directors of CRS are all clergy.
",3.5,6.0504,"39,432,295",196,0,0,0,0,Senegal,"22-Feb-2008 11:50:10 am",0.0000,-0.6200,http://www.caurie-mf.com
106,"Hattha Bank",http://kiva.org/partners/106,active,4.5,0.5726,0,0.0589,0,1,,0.040310571624797,14.67,0,1,4,0,"No mention of religion or secularity. Started by OXFAM, a secular charity",4.5,0.7231,"11,641,115",0,0,0,0,0,"Cambodia, Thailand","14-Feb-2008 09:40:06 pm",0.0000,3.3200,http://www.hkl.com.kh
115,"Vitas - Lebanon",http://kiva.org/partners/115,paused,2,100.0000,0,0.0656,0,1,,0,26,0,100,4,0,"Revisited April 2013: Secular",2,100.0000,"7,923,875",0,0,0,0,0,Lebanon,"16-Sep-2008 09:40:18 pm",0.0000,0.1200,http://www.vitaslebanon.com/
117,"VisionFund Rwanda",http://kiva.org/partners/117,active,1.5,13.5776,0,1.4148,0,1,,0.74033399274324,38.5,0,7,2,0,"Partnered by World Vision, no other religious texts on kiva site; is mentioned on the Christian team lists; no own website. We should get more info. ",1.5,26.0272,"7,696,275",28,0,0,0,0,Rwanda,"24-May-2008 01:50:10 pm",0.0000,2.2000,http://www.visionfundrwanda.org/
118,"Prisma Honduras",http://kiva.org/partners/118,active,3,5.9675,0,1.0523,0,1,,0.03257280409163,33.9,0,5,4,0,Secular,2.5,10.5225,"8,294,005",142,0,0,0,0,Honduras,"04-Jul-2008 06:40:12 am",0.0000,2.7500,http://www.prismahonduras.com/
119,"Asociación Arariwa",http://kiva.org/partners/119,active,1.5,100.0000,0,0.0334,0,1,,0.0020091693523112,31.8,0,100,4,0,Secular,2.5,100.0000,"42,036,775",0,0,0,0,0,Peru,"31-Aug-2008 12:40:32 am",0.0000,0.1000,http://arariwa-microfinanzas.org.pe
121,"Thanh Hoa Microfinance Institution",http://kiva.org/partners/121,active,3,0.1610,0,0.0000,0,1,,0.000093720342333005,18.59,0,0,4,0,Secular,3,0.2465,"26,600,415",133,0,0,0,0,Vietnam,"14-Nov-2008 02:30:30 am",0.0000,0.7300,
125,"Community Economic Ventures, Inc. (CEVI)",http://kiva.org/partners/125,active,3.5,4.4617,0,0.7694,0,1,,0.25436325053565,62.15,0,8,1,0,"Christian based, partners w World Vision, offers special islamic loans to muslims since a couple of months (based on islamic laws). Should this be applauded? Jim - found website.  Secular = 1.  Churches have less religion on their websites...   Petra: I agree . ",2.5,5.1576,"15,567,465",180,0,0,0,0,Philippines,"19-Nov-2008 04:10:39 pm",0.0000,11.9000,
127,EDESA,http://kiva.org/partners/127,active,3,0.0000,0,1.8081,0,1,,0,16.63,0,0,4,0,Secular,3.5,0.0000,"4,310,835",8,0,0,0,0,"Costa Rica, Panama","10-Feb-2009 01:20:06 am",0.0000,1.5700,http://www.edesacr.com
130,"Vision Fund Mexico",http://kiva.org/partners/130,inactive,3,0.0000,0,0.3636,0,1,,0.19298226168699,56,0,0,3,0,"Partnered by World Vision, but no other religious text on their website",3,0.0000,"11,999,450",0,0,0,0,0,Mexico,"21-Jun-2009 11:00:05 pm",0.0000,-0.2000,http://visionfundmexico.org/
133,"VisionFund Kenya",http://kiva.org/partners/133,active,2.5,6.2065,0,2.2421,0,1,,1.0185322834902,42.36,0,27,1,0,"Owned by World vision, promoting the Kingdom of God",2.5,11.5984,"19,671,510",201,0,0,0,0,Kenya,"29-May-2009 11:35:11 am",0.0000,-2.7100,http://www.visionfundkenya.co.ke/
137,"Fundación ESPOIR",http://kiva.org/partners/137,active,4,1.6110,0,0.2197,0,1,,0,21.13,0,1,4,0,Secular,4,1.9959,"50,689,835",216,0,0,0,0,Ecuador,"28-Jun-2009 08:00:05 pm",0.0000,-0.1000,http://www.espoir.org.ec
140,CIDRE,http://kiva.org/partners/140,active,3,99.6295,0,1.1455,0,1,,0,13.45,0,98,4,0,Secular,3,100.0000,"4,686,675",0,0,0,0,0,Bolivia,"07-Jul-2009 03:00:06 am",0.0000,0.4300,http://www.cidre.org.bo/
145,"Negros Women for Tomorrow Foundation (NWTF)",http://kiva.org/partners/145,active,4.5,7.9029,0,0.0338,0,1,,0.0043823238098077,58.78,0,5,4,0,Secular,4,13.5880,"126,117,335",636,0,0,0,0,Philippines,"10-Jul-2009 11:24:18 pm",0.0000,12.3000,https://nwtf.org.ph/
146,"Nor Horizon",http://kiva.org/partners/146,paused,1,100.0000,0,0.4040,0,1,,0.62178686993724,14.84,0,100,4,0,Secular,1,100.0000,"6,907,050",0,0,0,0,0,Armenia,"03-Aug-2009 03:50:06 am",0.0000,-2.7000,http://www.norhorizon.am/
150,FUDECOSUR,http://kiva.org/partners/150,active,2.5,3.4033,0,0.1082,0,1,,0.2534382214706,16.39,0,20,4,0,Secular,2.5,25.0256,"4,056,385",22,0,0,0,0,"Costa Rica","08-Oct-2009 10:10:17 pm",0.0000,-2.3100,http://www.fudecosur.org/
154,"Fundación Santo Domingo - FSD",http://kiva.org/partners/154,inactive,2.5,38.6328,0,12.5487,0,1,,2.2131898458499,29.65,0,36,4,0,Secular,2.5,97.5445,"10,294,510",0,0,0,0,0,Colombia,"19-Dec-2009 08:10:15 am",0.0000,-5.3000,http://www.fmsd.org.co/
156,"Juhudi Kilimo",http://kiva.org/partners/156,active,4,4.1628,0,1.0794,0,1,,2.3044200905467,40.43,0,16,4,0,"Secular. Mission statement includes ""regardless of race, gender, title, creed or socioeconomic status."" Partners are secular.",4,16.2643,"36,412,150",770,0,0,0,0,Kenya,"15-Jan-2010 08:20:17 pm",0.0000,1.1000,http://www.juhudikilimo.com/
159,"Cooperativa San Jose",http://kiva.org/partners/159,active,2,94.6332,0,0.2604,0,1,,0,15.31,0,0,4,0,Secular,2.5,100.0000,"4,308,575",0,0,0,0,0,Ecuador,"27-Jan-2010 05:40:12 pm",0.0000,0.4000,http://www.coopsanjose.fin.ec/
160,Hekima,http://kiva.org/partners/160,active,2.5,4.5820,0,0.1736,0,1,,0,38.62,0,4,1,0,"Transform the spiritual lives of the people of Congo. Partner of World Relief (which is very christian). Jim - Hekima means ""wisdom"" in Swahili, there is a Hekima school and Hekima college in Kenya, also founded by Jesuits (Catholics).  I think they must be related to this MFI in Congo. ",2.5,4.8475,"36,918,735",51,0,0,0,0,"The Democratic Republic of the Congo","12-Mar-2010 05:39:27 pm",0.0000,6.8100,https://hekima-microfinance.com/
161,"Urwego Bank",http://kiva.org/partners/161,active,3,12.7027,0,0.4588,0,1,,0.33929321987896,30.66,0,5,1,0,"Want to reflect the love of Jesus Christ. Tries to induce spiritual growth in people. Although they claim to serve people of all faiths, they boast (on website) that many have come to Jesus.",3,46.9949,"47,804,825",16,0,0,0,0,Rwanda,"11-Jun-2010 05:20:03 am",0.0000,2.7000,http://urwegobank.com
167,PADECOMSM,http://kiva.org/partners/167,active,4,3.1098,0,1.4731,0,1,,0,26.61,0,5,4,0,secular,3.5,4.8185,"13,923,865",99,0,0,0,0,"El Salvador","21-May-2010 05:10:04 pm",0.0000,2.8200,http://www.padecomsmcredito.com.sv
171,"Bai Tushum Bank",http://kiva.org/partners/171,active,3.5,2.1004,0,0.0776,0,1,,2.2986822452998,19.88,0,2,4,0,"one of the founders is Caritas, a Swiss church foundation - the MFI celebrated the end of the ramadan by donating to a children's house. Further no mention of god or allah.",3.5,2.4233,"26,530,355",187,0,0,0,0,Kyrgyzstan,"06-Jul-2010 09:50:03 pm",0.0000,1.6000,http://www.baitushum.kg/en/
175,"Koret Israel Economic Development Funds (KIEDF)",http://kiva.org/partners/175,active,1.5,2.9959,0,5.6935,0,1,,0.19780564976033,3.78,0,10,2,0,"loans to all religions in Israel (mentioned are jewish and muslim (Arab/bedouin) groups) - started by Koret San Francisco, which in turn was founded by a Jewish businessman. The Koret foundation still celebrates ""Jewish values"" - http://www.koretfoundation.org/grantprograms/jewishpeoplehood/index.html  . Also many other Jewish funders. Jim - I agree its Jewish, board is all Jewish also.  I would go with 2.  ",1.5,16.0586,"2,639,050",1,0,0,0,0,Israel,"08-Dec-2010 12:30:07 pm",0.0000,-2.6000,http://www.kiedf.org
176,MiCredito,http://kiva.org/partners/176,active,3.5,5.0899,0,0.4876,0,1,,0,39.1,0,5,3,0,"MEDA, a mennonite charity based in Canada, is a partner and most people on the board are member of MEDA. Jim - Mennonites very rarely proselytize, if they do its standing on a street corner passing out info.  They believe in doing good for those less fortunate, without trying to convert them, so I could go with either 3 or 4.  Petra: Let's give them a 3? We gave other charities that partnered w a religious organisation a 3 also, whether or not it seemed to influence their operations...",3,9.2010,"16,190,240",423,0,0,0,0,"Costa Rica, Nicaragua","01-Dec-2010 04:10:12 pm",0.0000,7.6000,http://www.micredito.com.ni/
177,Interactuar,http://kiva.org/partners/177,active,3,3.1373,0,7.5565,0,1,,2.9388439594016,28.91,0,7,4,0,"secular, although not an awful lot of English information . Errr: lot of Godtalk in this piece: http://www.kiva.org/lend/521091 . But is it the client or the MFI talking? ",3,17.0501,"23,008,275",47,0,0,0,0,Colombia,"16-Dec-2010 09:50:11 pm",0.0000,4.4500,http://www.interactuar.org.co/
181,Credo,http://kiva.org/partners/181,active,4,0.6166,0,0.1840,0,1,,0.47038237411228,23.28,0,7,4,0,"was supported by world vision from 2005-2007 - in 2009 world vision is still member of the supervisory board - on website no religious statements. In 2014 VisionFund sold their stake in Credo (http://credo.ge/en/428/) so it seems appropriate to update their rating to secular",4,1.8642,"12,287,835",387,0,0,0,0,Georgia,"23-Jan-2011 05:20:08 pm",0.0000,2.2900,http://www.credo.ge
182,"BRAC Liberia",http://kiva.org/partners/182,active,3.5,7.1739,0,0.1232,0,1,,1.3834339904146,73.68,0,1,4,0,secular,3,25.2722,"9,785,700",108,0,0,0,0,Liberia,"06-Apr-2011 01:50:04 am",0.0000,13.9000,http://www.brac.net/liberia
183,"BRAC Sierra Leone",http://kiva.org/partners/183,active,3.5,0.0000,0,0.5286,0,1,,2.9564579816363,57.7,0,18,4,0,secular,3.5,0.0000,"4,857,400",14,0,0,0,0,"Sierra Leone","24-Mar-2011 05:20:04 pm",0.0000,8.2100,http://www.brac.net/content/about-brac-sierra-leone
185,"National Microfinance Bank",http://kiva.org/partners/185,active,4,12.2589,0,0.8045,0,1,,0,35.2,0,32,4,0,secular,4,38.0470,"14,215,560",47,0,0,0,0,Jordan,"30-Mar-2011 10:00:05 pm",0.0000,11.7000,http://www.nmb.com.jo
187,"Micro Start/AFD",http://kiva.org/partners/187,active,1.5,0.9279,0,2.3552,0,1,,0.47511290656723,13.5,0,68,2,0,"Kiva profile page says core values include ""Christian faith"".  No other mention of religion found, but not much to go on. P: A 2, perhaps even a 1 ; start with 2 and check later whether more info is available",1.5,0.9279,"2,896,200",2,0,0,0,0,"Burkina Faso","21-Apr-2011 08:50:02 pm",0.0000,-2.0100,http://microstart-afd.org/
188,"VisionFund Ecuador",http://kiva.org/partners/188,active,4,3.8491,0,0.2230,0,1,,0,20.66,0,2,1,0,"""Founded on Christian values"", World Vision is religious.  Kiva profile page states vision as ""Our vision for every child is life in all its fullness; our prayer for every heart is the will to make this possible."" ",4,5.2550,"17,422,525",309,0,0,0,0,Ecuador,"28-Apr-2011 08:20:03 pm",0.0000,3.5000,http://www.visionfund.org/2109/ecuador/latin-america/where/
198,Maya,http://kiva.org/partners/198,active,1.5,0.0000,0,0.0448,0,1,,2.4714692656643,10.34,0,39,4,0,"No mention of religion",1.5,0.0000,"1,262,025",0,0,0,0,0,Turkey,"12-Aug-2011 11:40:04 pm",0.0000,0.5000,http://www.kedv.org.tr/index.php?page=english
199,CrediCampo,http://kiva.org/partners/199,active,4,3.8256,0,1.1893,0,1,,0,29.73,0,5,4,0,"Specifically state that they are ""apolitical and non-religious"".",4.5,7.5703,"32,787,120",421,0,0,0,0,"El Salvador","08-Sep-2011 03:20:03 am",0.0000,2.7400,http://www.credicampo.com.sv/
201,"Organizacion de Desarrollo Empresarial Femenino (ODEF)",http://kiva.org/partners/201,active,3,1.2752,0,1.5051,0,1,,0,28.05,0,2,4,0,"No mention of religion. P: agree. 
",4,15.2591,"7,447,395",54,0,0,0,0,Honduras,"09-Oct-2011 01:10:05 am",0.0000,3.0100,http://www.odeffinancierasa.hn
202,"One Acre Fund",http://kiva.org/partners/202,active,4,0.3195,0,0.9420,0,1,,0.15585695539029,0.6,0,0,4,0,"No mention of religion. P:agree. 
",4,0.3195,"23,642,275",0,0,0,0,0,"Kenya, Tanzania","20-Sep-2011 04:50:02 am",0.0000,-0.7000,http://www.oneacrefund.org/
211,"Maharishi Education for Invincibility Trust",http://kiva.org/partners/211,inactive,0.5,72.8983,0,4.2927,0,0,,15.273064532469,0,0,74,1,0,"The Maharishi was a yogi promoting transcendental meditation (TM). TM is also taught as an essential part of this education program. (And probably a student can't skip these TM sessions easily - but I have no evidence of that, only that regular sessions are given as part of the education). A 1, maybe a 2 because they'll probably let students of different backgrounds in, but hope to indoctrinate them. As a doctor, I particularly dislike the alternative medicine techniques that are also part of TM.",0.5,100.0000,"493,550",0,0,0,0,0,"South Africa","28-Jun-2012 04:05:02 pm",0.0000,23.2000,http://maharishiinstitute.org/
217,"ACEP Cameroun",http://kiva.org/partners/217,active,1.5,14.1638,0,3.4791,0,1,,0.30498804100228,20.44,0,100,4,0,"No mention of religion.  Founded by Cameroon government in association with French government. P agreed.",1.5,14.1638,"1,756,000",0,0,0,0,0,Cameroon,"30-Mar-2012 02:40:05 am",0.0000,0.8000,http://www.acep-cameroun.org
218,"Strathmore University",http://kiva.org/partners/218,inactive,3,70.3555,0,1.2043,0,1,,3.3353066509326,0,0,73,1,0,"From their website: ""Strathmore University is a Corporate Undertaking of Opus Dei. Opus Dei provides spiritual and doctrinal orientation for the University. It does this by including courses of ethics in the curricula of all Strathmore's training programmes."". The university has a Chaplaincy, from the website: ""The role of the Chaplaincy is to offer worship to God, to bring blessings from God to all at the University, and to assist in the spiritual needs of those who so wish. The activities are Catholic; nonetheless, they are open to anyone wishing to participate in them."".  ",3,90.6226,"762,675",0,0,0,0,0,Kenya,"03-Feb-2012 06:10:02 pm",0.0000,40.7000,http://www.strathmore.edu/
221,"Root Capital",http://kiva.org/partners/221,active,2,0.0000,0,0.0000,0,1,,0,12.63,0,,,,,,0.0000,"500,020",1,0,0,0,0,"Nicaragua, Peru","20-Sep-2022 07:30:11 am",0.0000,15.8000,https://rootcapital.org/
222,"UGAFODE Microfinance",http://kiva.org/partners/222,active,3,6.8363,0,1.8766,0,1,,0.41519238204554,45.33,0,66,1,0,"Vision statement includes ""promote  Godliness in every home"". P: Yup. ",3,14.2011,"18,609,195",261,0,0,0,0,Uganda,"25-Apr-2012 11:20:04 pm",0.0000,3.0000,http://www.ugafode.co.ug
225,Novica,http://kiva.org/partners/225,active,2,5.3607,0,0.0000,0,0,,0,0,0,1,4,0,"No mention of a specific religion",2,5.3607,"3,057,575",4,0,0,0,0,"Brazil, Costa Rica, El Salvador, Ghana, Guatemala, India, Indonesia, Kazakhstan, Kyrgyzstan, Mexico, Nicaragua, Peru, Tajikistan, Thailand, United States, Uzbekistan","07-Jun-2012 03:00:07 am",0.0000,-4.3500,http://www.novica.com/
226,Sistema.bio,http://kiva.org/partners/226,active,1.5,25.7289,0,7.1280,0,0,,1.8325905395059,0,0,40,4,0,"No mention of religion, except on Kiva the word ""stewardship"" is used to explain why they want to be environment-friendly",1.5,60.3940,"2,579,675",0,0,0,0,0,"Kenya, Mexico","04-May-2012 06:01:05 pm",0.0000,-24.0000,http://sistemabiobolsa.com
231,"ID Ghana",http://kiva.org/partners/231,active,3,83.7913,0,0.1297,0,1,,1.9318354881189,49.65,0,16,4,0,"No mention of religion, Entrepreneurs du monde (secular) is its partner",3,100.0000,"7,195,225",0,0,0,0,0,Ghana,"11-May-2012 01:20:03 pm",0.0000,10.1200,http://www.facebook.com/pages/ID-Ghana/168399136539229
239,"Agro & Social Fund",http://kiva.org/partners/239,active,3.5,3.8638,0,0.6480,0,1,,0,26.93,0,4,4,0,"Agro & Social Fund/Fondi Besa are the new owners of VisionFund Albania and have changed the name The new website description (per Google translate) includes Agro & Social Fund, we offer quality service, appreciate respect, transparency in communication, confidentiality, non-discrimination and avoid debt overload. Partners listed are other microfinance institutions rather than Christian organizations. Nothing overtly religious on the website. 

Previous:Yup, christian: ""VisionFund is a Christian organization that provides loans to help the poor liberate themselves from poverty."". Is a part of World Vision which is also christian. Small website does not show more statements of religiousness, other than the above one. Lend to several ethnic groups. Changed their name from ""VisionFund Albania"" under new leadership, but have yet to put much information about their changes online",3,13.7664,"9,894,990",30,0,0,0,0,Albania,"17-May-2012 02:30:03 pm",0.0000,4.3000,https://asf.al/en/
240,KosInvest,http://kiva.org/partners/240,active,2,0.2473,0,1.3202,0,1,,0.95238812407808,27.56,0,4,2,0,"Is a part of World Vision which is christian. Works with several ethnicities.
Jim - per FAQ, their policies prohibit proselytizing and discrimination.  A good 2.",1,0.5529,"4,196,390",27,0,0,0,0,Kosovo,"14-May-2012 09:10:03 am",0.0000,3.3900,http://www.kosinvest.org
243,Kaebauk,http://kiva.org/partners/243,active,3.5,3.2207,0,0.2798,0,1,,0,32.84,0,8,4,0,"Founding was supported by Save the children (presumably secular?), was an independent agency registered under catholic relief services (CRS) in 2001. CRS decided to close its micro finance operations internationally and after civil conflicts of 2006 and 2007, left the decision on employees of TRM to take it forward or wind up.TRM team decided to run it irrespective of several crisis.Current funding by UNCDF (secular). No mention of religion on website. Petra: I think they earned their secular stripes now.",3.5,4.1709,"10,507,075",30,0,0,0,0,Timor-Leste,"30-May-2012 03:00:16 pm",0.0000,7.4700,http://kaebauk.tl/
245,"Kashf Foundation",http://kiva.org/partners/245,active,4,0.1070,0,1.2938,0,1,,1.4490965168036,35.1,0,1,3,0,"Update Nov 2017: No mention of religion on website. ""Financial Services for All in a Poverty Free and Gender Equitable Society""
Board member experience and education are secular, no mention of religion in managing director statement. Partner list does not include religious foundations, financial partners include Islamic bank - but in a Muslim country this seems likely. 

Founder is religious, ends message to the reader with ""May Allah be with us"". Otherwise no mention of religion on the website. Board members are on the board because of their education and experience. About 97% of the citizens of Pakistan are muslim, by the way, so a small muslim influence may be logical?",3.5,0.2434,"11,266,950",117,0,0,0,0,Pakistan,"09-Jul-2012 05:30:05 pm",0.0000,5.5000,http://www.kashf.org
246,ADICLA,http://kiva.org/partners/246,active,2,10.6550,0,1.3377,0,1,,0,46.19,0,24,4,0,"Couldn't find anything relating to religion.  Website and Kiva page mention ""holistic"" and ""ethical"" but no details beyond that. P: on website says to aim for development ""regardless of creed, sex etc"". ",1.5,11.2938,"7,288,950",20,0,0,0,0,Guatemala,"29-Aug-2012 09:10:01 pm",0.0000,5.0000,http://www.adicla.org.gt
258,Sanergy,http://kiva.org/partners/258,inactive,1,0.0000,0,8.8590,0,1,,0.6080849181778,0,0,0,4,0,"No mention of religion. P: agree, I looked up some more news articles, religion is never mentioned",1,0.0000,"226,100",0,0,0,0,0,Kenya,"17-Sep-2012 03:40:01 pm",0.0000,6.2000,
263,"Nazava Water Filters",http://kiva.org/partners/263,active,1,100.0000,0,4.6690,0,0,,0.043189628920694,0,0,74,4,0,"No mention of religion. P: agree",1,100.0000,"574,675",1,0,0,0,0,"Indonesia, Kenya","15-Nov-2012 01:20:13 am",0.0000,-2.8900,https://www.nazava.com/?3
273,"Maya Mountain Cacao",http://kiva.org/partners/273,inactive,0.5,100.0000,0,44.9939,0,1,,0,0,0,100,4,0,Secular,0.5,100.0000,"148,850",0,0,0,0,0,Belize,"20-Dec-2012 10:50:02 pm",0.0000,-29.6000,http://www.mayamountaincacao.com/
274,"Yellow Leaf Hammocks",http://kiva.org/partners/274,active,1,0.0000,0,0.0000,0,0,,0,0,0,0,4,0,Secular,1.5,0.0000,"702,100",50,0,0,0,0,Thailand,"19-Dec-2012 08:30:01 pm",0.0000,-64.9000,https://www.yellowleafhammocks.com/
275,"ERES Energía Renovable",http://kiva.org/partners/275,active,1.5,0.0000,0,7.9664,0,0,,0.011139794355721,0,0,0,4,0,Secular,1.5,0.0000,"457,100",1,0,0,0,0,Mexico,"20-Dec-2012 08:00:02 pm",0.0000,-32.6000,http://ilumexico.mx/es
282,"KOMAZA Forestry Ltd.",http://kiva.org/partners/282,inactive,1.5,89.5799,0,0.0000,0,0,,0,0,0,0,4,0,"No mention of religion",1.5,89.5799,"550,975",0,0,0,0,0,Kenya,"24-Jan-2013 12:00:01 am",0.0000,-41.0000,http://www.komaza.org/
288,"Babban Gona Farmers Organization",http://kiva.org/partners/288,active,3,0.0000,0,0.0000,0,1,,6.9224100543793,0,0,0,4,0,"No mention of religion.",3,0.0000,"4,618,485",9,0,0,0,0,Nigeria,"11-Mar-2013 04:50:02 pm",0.0000,5.7100,http://www.babbangona.com/
292,"Fundación Namaste Guatemaya",http://kiva.org/partners/292,inactive,1,17.0938,0,8.1782,0,1,,0,0,0,22,4,0,"No mention of religion. P: One of the founders started doing charity work partly because of his faith. But the website of the foundation says  nothing about religion. ",1,42.1504,"586,275",0,0,0,0,0,Guatemala,"24-Jun-2013 11:50:04 pm",0.0000,-0.2000,http://namastedirect.org
293,"Lumni Chile",http://kiva.org/partners/293,inactive,,0.0000,0,6.4665,0,1,,13.304106351551,0,0,0,4,0,"No mention of religion",,0.0000,"16,925",0,0,0,0,0,Chile,"29-May-2013 10:00:05 pm",0.0000,0.0000,
294,Kubo.financiero,http://kiva.org/partners/294,active,1.5,0.0000,0,8.5643,0,1,,1.0025000667183,44,0,100,4,0,"Website is difficult to navigate/translate for non-Spanish speakers, but the bottom right hand link ""Preguntas y Respuestas"" takes you to another site that is more easily translated.",1.5,0.0000,"936,775",0,0,0,0,0,Mexico,"02-May-2013 08:50:01 pm",0.0000,-7.1000,https://www.kubofinanciero.com
295,PAC,http://kiva.org/partners/295,active,1,1.6511,0,2.1570,0,1,,0.10870243767696,17.31,0,2,4,0,"No mention of religion",1,2.0326,"1,086,075",9,0,0,0,0,Nicaragua,"21-Jun-2013 07:50:04 pm",0.0000,-40.5300,http://www.apac.org.ni/
296,"Assilassimé Solidarité",http://kiva.org/partners/296,active,3.5,4.5823,0,0.0148,0,1,,0.17192781694783,23.49,0,2,4,0,"No mention of religion. This MFI was started by ""Entrepreneurs du Monde"" who are secular",3,7.1383,"7,585,160",204,0,0,0,0,Togo,"19-Jul-2013 07:50:02 am",0.0000,2.1000,http://www.entrepreneursdumonde.org/nos-actions/nos-partenaires-locaux/assilassime/
298,FUNDAPEC,http://kiva.org/partners/298,active,3.5,17.3427,0,17.5206,0,1,,5.5458588435374,18.33,0,68,4,0,"No mention of religion except to emphasize nondiscrimination: ""The relations between FUNDAPEC employees and another person related to their job should be based on respect and comprehention, understanding the diversity of opinions, cultures, genres, religious beliefs, disabilities or any other human condition""",3.5,73.5878,"1,411,200",0,0,0,0,0,"Dominican Republic","06-Jun-2013 06:00:03 pm",0.0000,4.5000,http://www.fundapec.edu.do/
301,"Ecoblock International",http://kiva.org/partners/301,paused,1.5,91.9436,0,5.9177,0,1,,1.7547497288083,0,0,0,4,0,"No mention of religion",1.5,100.0000,"483,975",0,0,0,0,0,Mexico,"13-Aug-2013 12:00:06 am",0.0000,3.6000,http://www.echale.com.mx/
305,"Camfed Zimbabwe",http://kiva.org/partners/305,inactive,3.5,0.0000,0,0.1282,0,0,,0,0,0,0,4,0,"No mention of religion",3.5,0.0000,"2,072,500",0,0,0,0,0,Zimbabwe,"15-Aug-2013 03:20:04 pm",0.0000,62.7000,
311,"iDE Cambodia",http://kiva.org/partners/311,active,2,0.0000,0,0.5364,0,1,,0,0,0,40,4,0,"No mention of religion",2,0.0000,"4,784,350",0,0,0,0,0,Cambodia,"04-Feb-2014 11:20:02 pm",0.0000,11.8300,http://www.ideglobal.org
315,"Yunus Social Business (YSB)",http://kiva.org/partners/315,inactive,1,100.0000,0,60.1397,0,1,,0.1968174577891,13,0,100,4,0,"No mention of religion",1,100.0000,"313,900",0,0,0,0,0,"Albania, Brazil, Haiti, Uganda","16-Aug-2013 03:20:02 pm",0.0000,0.0000,http://www.yunussb.com/
319,Inkomoko,http://kiva.org/partners/319,active,3,13.8441,0,1.7891,0,1,,0.39233323563264,0,0,13,4,0,"Secular. One current team member from Inkomoko has a history of working for christian MFIs (source: http://inkomoko.com/). The 3 others don't. ",2,37.9589,"5,595,320",19,0,0,0,0,"Kenya, Rwanda","31-Jul-2013 05:30:22 pm",0.0000,-44.8200,http://www.Inkomoko.com
326,"American University of Central Asia",http://kiva.org/partners/326,inactive,1,100.0000,0,35.2689,0,0,,0,0,0,100,4,0,"No mention of religion",1,100.0000,"523,700",0,0,0,0,0,Kyrgyzstan,"30-Aug-2013 07:40:03 pm",0.0000,-1.0000,http://www.auca.kg/
339,"Habitat for Humanity Mexico",http://kiva.org/partners/339,inactive,1.5,0.0000,0,0.0000,0,1,,5.7662045060659,3,0,0,2,0,"Vision and mission include promoting Christianity",1.5,0.0000,"201,950",0,0,0,0,0,Mexico,"17-Dec-2013 12:50:05 am",0.0000,-10.7000,http://www.habitatmexico.org/
342,"Entrepreneurs du Monde - Anh Chi Em",http://kiva.org/partners/342,active,2,1.6858,0,0.0000,0,1,,0.000011572932489035,18.8,0,1,4,0,"No mention of religion. This MFI was started by ""Entrepreneurs du Monde"" who are secular",2,3.7937,"3,801,975",35,0,0,0,0,Vietnam,"13-Dec-2013 10:30:14 pm",0.0000,0.4600,http://chi-em.org
357,"Alivio Capital",http://kiva.org/partners/357,active,1,38.0151,0,4.5256,0,1,,0.4099274261343,45.39,0,15,4,0,"No mention of religion",2,94.7020,"3,241,525",0,0,0,0,0,Mexico,"09-Aug-2014 07:50:02 am",0.0000,0.6000,http://www.aliviocapital.com
358,"Instituto Peruano de Fomento Educativo",http://kiva.org/partners/358,active,1,0.0000,0,5.1174,0,1,,1.121911423317,8.08,0,0,4,0,"No mention of religion. Among the different institutions with which they have cooperation agreements it's also a catholic university (Pontificia Universidad Catolica del Perú). In general agreements/cooperation also outside Peru with TOP business schools (mainly in Spain, but also UK and Australia). Among conditions for scolarship religion is not mentioned.",1,0.0000,"829,225",2,0,0,0,0,Peru,"07-Apr-2014 09:40:02 pm",0.0000,2.4100,http://www.ipfe.org.pe/site/index.php
359,Vahatra,http://kiva.org/partners/359,active,1.5,7.3612,0,0.1283,0,1,,0.10516163696606,41.74,0,11,4,0,"No mention of religion",1.5,14.1420,"4,466,800",33,0,0,0,0,Madagascar,"02-Mar-2015 03:20:07 pm",0.0000,-1.8000,
369,"Asociación Chajulense de Mujeres (ACMUV)",http://kiva.org/partners/369,active,2,0.0000,0,0.0000,0,1,,0.0094433046753262,23.43,0,0,4,0,"No website. A google search reveals that within the Chajul's cooperative, Chajulense de Mujeres ""Unidas por la vida"" (United for Life) is a group of over 100 women who work together to benefit the lives of their coop sisters as well as their families (http://coopcoffees.com/what/trading-partners/chajul-guatemala/chajulense-de-mujeres). No mention of religion on the cooperative website (http://asociacionchajulense.org) that is very basic. Ixil are Maya people indigenous to Guatemala",2,0.0000,"831,065",0,0,0,0,0,Guatemala,"27-May-2014 02:10:09 pm",0.0000,-0.3100,https://chajulense.org/
372,Wedu,http://kiva.org/partners/372,active,1.5,0.0000,0,0.0000,0,0,,0,0,0,0,4,0,"No mention of religion",1,0.0000,"122,000",0,0,0,0,0,"Cambodia, Myanmar (Burma), Nepal, Thailand","23-Sep-2014 04:40:04 pm",0.0000,20.3000,http://www.weduglobal.org
376,"Ejido Verde Reserves",http://kiva.org/partners/376,inactive,1.5,0.0000,0,0.0000,0,0,,0,0,0,6,4,0,"No mention of religion, but website has minimal information",1.5,0.0000,"481,425",0,0,0,0,0,Mexico,"14-Oct-2014 07:50:04 pm",0.0000,-14.9000,http://ejidoverde.org/
379,"Camfed Tanzania",http://kiva.org/partners/379,inactive,4,100.0000,0,6.9046,0,0,,0.84705810210026,0,0,100,4,0,"No mention of religion",3.5,100.0000,"489,225",0,0,0,0,0,Tanzania,"22-Aug-2014 06:30:02 am",0.0000,62.7000,
381,"MicroLoan Foundation (MLF) Malawi",http://kiva.org/partners/381,active,1.5,0.0000,0,0.0057,0,1,,0.72097166287459,78.37,0,66,4,0,"No mention of religion",1.5,0.0000,"4,109,450",0,0,0,0,0,Malawi,"04-Sep-2014 03:00:02 pm",0.0000,1.6000,http://www.microloanfoundation.org.uk/who-we-are/
386,"ECLOF Kenya",http://kiva.org/partners/386,active,3.5,18.6716,0,0.2919,0,1,,1.4616422991471,40.44,0,18,2,0,"ECLOF=ECUMENICAL CHURCH LOAN FUND. On Kiva: ""Inspired by the message of the Gospel..."" On ECLOF KENYA website (mission and values):""We maintain a consistency in our actions and uphold Christian moral values in our work. In doing so, we protect and sustain the integrity of God’s creation and human dignity."". God is mentioned very often (see e.g. CEO message; CEO is very religious see  interview: www.standardmedia.co.ke/ktn/video/watch/2000077807/-mary-munyiri-s-walk-with-god-owner-of-a-microfinance-company). Among Board of Directors and stakeholder: National Council of Churches (NCCK), representatives of Churches.It's part of ECLOF International that was founded by A.Keller, Director of the European Central Bureau of Inter-Church Aid, and W.A. Visser 't Hooft, first General Secretary of the World Council of Churches. . First mission was to offer financial support to churches in Europe.By the mid-sixties focus shifted from Europe to the Global South and from loans primarily to churches to microloans and development. For ECLOF International (but not on Kenya website!) it is however stated that ""We support them [vulnerable communities] without regard to gender, race, creed or political persuasion."" 2 or even a 1?  ETA:  Currently making loans to Strathmore students, though there is no evidence of a direct link to Strathmore.  They also lend to students at other universities.",3.5,42.8250,"8,371,800",198,0,0,0,0,Kenya,"29-May-2014 01:30:02 pm",0.0000,-1.7000,http://www.eclof-kenya.org/
388,"Hand in Hand Eastern Africa",http://kiva.org/partners/388,active,1.5,1.5430,0,0.0246,0,1,,0.61159214794502,54.54,0,0,,0,,,3.4744,"2,242,725",4,0,0,0,0,Kenya,"25-Jun-2014 03:10:06 pm",0.0000,6.1000,http://handinhand-ea.org/
390,"Soluz Honduras",http://kiva.org/partners/390,active,1.5,0.0695,0,0.1149,0,1,,0.20830044015334,15.05,0,12,3,0,"Only one mention of religion on website, in the description of one project it's written: ""En la zona de La Mosquitia, Gracias a Dios se han instalado con apoyo de ONG’s internacionales… "" [thank God]. Beside that  for Christmas on their facebook page the posted this message: ""Feliz Navidad a todos nuestros amigos, que Dios bendiga sus hogares en esta Nochebuena."" [God bless the homes of our friends] Nowhere else is any reference made to God or religion. 3 or even a 4?  Jim - I agree with 3.  Although a person's beliefs wouldn't matter, posting something religious on behalf of the company is a little different.",1,0.0695,"1,056,450",0,0,0,0,0,Honduras,"21-Jun-2014 07:50:06 am",0.0000,-5.1300,http://www.soluzhonduras.com
394,"Quang Binh Women Development Fund",http://kiva.org/partners/394,paused,2,100.0000,0,0.0798,0,1,,0,15.3,0,100,4,0,"No mention of religion on Kiva page. No other information available (no website, google did not find anything beside Mix profile, with slightly different name: WDF, Quang Binh
Women Development Fund, Quang Binh)",2,100.0000,"2,580,325",0,0,0,0,0,Vietnam,"10-Jun-2014 05:00:13 pm",0.0000,3.1000,
395,"Solar and Energy Loan Fund (SELF)",http://kiva.org/partners/395,active,2,0.0000,0,0.0000,0,1,,0,11.61,0,0,4,0,"no mention of religion - However in 2014 SELF was approved for a second loan  from  the Adrian Dominican Sisters (ADS) . ADS [catholic] provides community development investments to credit unions, banks, housing projects, worker-owned cooperatives, loan funds and community organizations, with the goal of creating affordable housing and sustainable jobs. Does this lead to a 3 instead of 4? (the two organizations appear unrelated and among ADS criteria for applying for loans religion is not mentioned - but one never knows..ACCION Texas, Inc. is also listed among organizations that got loans from ADS and is rated 4/secular on this MFI list)",2,0.0000,"1,114,875",0,0,0,0,0,"United States","15-Jul-2014 06:20:01 am",0.0000,30.5000,http://www.solarenergyloanfund.org
397,"Burn Manufacturing",http://kiva.org/partners/397,inactive,0.5,0.0000,0,5.9834,0,1,,0,0,0,0,4,0,"No mention of religion, but nothing on mission or values",0.5,0.0000,"267,050",0,0,0,0,0,"Kenya, Rwanda, Tanzania, Uganda","18-Jun-2015 08:00:02 am",0.0000,-42.1000,http://burnstoves.com
398,"Agence Communautaire pour le Financement de la Micro Entreprise (ACFIME)",http://kiva.org/partners/398,active,2.5,5.8482,0,0.0238,0,1,,0.33430694891799,22.33,0,9,2,0,"No website. Official name according to mix profile is ACFIME-CREDO. The founder and General Secretary of CREDO - Christian Relief and Development Organization is a Reverend Dr. Moses Napon, According to CREDO website ""C.RE.DO’s vision and mission is founded on the biblical principles of love and fulfilment inherent in the creation of man"" ...""C.RE.DO’s vision is that of a world where the poor and the marginalised of the society enjoy their dignity as creatures of God ""... ""The mission of C.RE.DO is to work in grassroots communities in churches and church-based organisations to help the most underprivileged and/or destitute persons to regain their human dignity as made in he image of God: free and responsible."" One of CREDO and ACFIME partners is Woord en Daad, this (dutch) organization is also religious. According to CREDO website ""The interventions of C.RE.DO are made regardless of race, religion and sex"" ",2.5,8.8779,"4,115,245",17,0,0,0,0,"Burkina Faso","03-Jul-2014 07:40:02 am",0.0000,2.0000,
402,"Programme d'Appui aux Initiatives de Développement Economique au Kivu (PAIDEK)",http://kiva.org/partners/402,active,1.5,12.6148,0,1.5580,0,1,,0,32.9,0,16,4,0,"No mention of religion",1.5,14.0843,"3,844,110",48,0,0,0,0,"The Democratic Republic of the Congo","26-Nov-2014 06:10:13 pm",0.0000,3.1000,
404,"Ibdaa Microfinance",http://kiva.org/partners/404,paused,1.5,100.0000,0,0.5802,0,1,,0,42,0,100,4,0,"No mention of religion. Ibdaa Lebanon is a  initiative of the Arab Gulf Fund for Development (AGFUND),  jointly with socially responsible Lebanese investors. Partners are Arab Open University (partner of Open University in UK), Silatech, and USAID",1.5,100.0000,"3,028,225",0,0,0,0,0,Lebanon,"10-Jul-2014 02:30:02 pm",0.0000,-27.4000,http://www.ibdaalebanon.com/en/
406,"Benteng Mikro Indonesia (BMI)",http://kiva.org/partners/406,active,3,2.3369,0,0.0633,0,1,,0.6252445484106,30.24,0,6,4,0,"Website doesn't have much info, but no indication of religious agenda",2.5,7.6782,"8,165,050",173,0,0,0,0,Indonesia,"17-Aug-2014 11:40:02 pm",0.0000,0.5000,https://kopsyahbmi.co.id/
408,"Agora Partnerships",http://kiva.org/partners/408,inactive,1,0.0000,0,7.5829,0,1,,0,0,0,21,4,0,"No mention of religion",1,0.0000,"422,000",0,0,0,0,0,"Colombia, Guatemala, Mexico, Panama, Peru","05-May-2015 08:20:03 pm",0.0000,51.4000,
411,"South Pacific Business Development (SPBD) - Solomon Islands",http://kiva.org/partners/411,active,1,7.7115,0,0.3580,0,1,,0.000049810633711493,52.1,0,36,4,0,"No mention of religon",1,8.9569,"4,075,435",122,0,0,0,0,"Solomon Islands","11-Nov-2014 06:50:04 pm",0.0000,-16.0700,http://www.spbdmicrofinance.com
413,Priminvestnord,http://kiva.org/partners/413,active,1.5,2.0519,0,0.4466,0,1,,0.94796953935744,34.64,0,5,4,0,"No mention of religion",2,8.9790,"2,009,150",4,0,0,0,0,Moldova,"23-Sep-2014 08:00:18 pm",0.0000,7.7000,http://www.pin.md/
417,"Emerging Cooking Solutions Zambia",http://kiva.org/partners/417,inactive,0.5,98.4309,0,18.2628,0,0,,5.0228813982522,0,0,100,4,0,"Sold some stoves at church, but it appeared to be just a convenient gathering of people.",0.5,100.0000,"200,250",0,0,0,0,0,Zambia,"12-Aug-2014 07:50:03 am",0.0000,-68.2000,http://www.emergine.se
428,Milaap,http://kiva.org/partners/428,active,2,0.0000,0,0.0000,0,1,,0.65383766941218,4.95,0,100,4,0,"No mention of religion",2,15.6581,"7,407,230",33,0,0,0,0,India,"09-Dec-2014 12:20:05 pm",0.0000,-4.1000,http://www.milaap.org
429,NESsT,http://kiva.org/partners/429,active,1.5,0.0000,0,16.6469,0,1,,0,8.18,0,25,4,0,"No mention of religion",1.5,0.0000,"811,875",1,0,0,0,0,"Brazil, Chile, Colombia, Peru","08-Apr-2015 10:10:03 pm",0.0000,9.4700,http://www.nesst.org/us/
431,"Nexus For Development",http://kiva.org/partners/431,active,1,22.8659,0,0.0000,0,1,,0,0,0,6,4,0,"No mention of religion",1,39.3212,"511,000",0,0,0,0,0,"Cambodia, India, Indonesia, Lao People's Democratic Republic, Malawi, Myanmar (Burma), Philippines","16-Oct-2014 10:20:06 pm",0.0000,11.6700,http://www.nexusfordevelopment.org
435,Fondesurco,http://kiva.org/partners/435,active,2.5,3.0868,0,0.6237,0,1,,0.030436451295715,23.44,0,8,4,0,"No mention of religion",3,5.1753,"3,152,700",9,0,0,0,0,Peru,"11-Dec-2014 12:10:02 am",0.0000,-1.5000,http://www.fondesurco.org.pe
438,"Réseau de Micro-institutions de Croissance de Revenus (RMCR)",http://kiva.org/partners/438,active,2.5,7.9763,0,1.6538,0,1,,0.27712652753179,23.5,0,3,2,0,"RMCR has no website of its own. It works with World Vision though which is Christian. ""World Vision is an international partnership of Christians whose mission is to follow our Lord and Saviour Jesus Christ in working with the poor and oppressed to promote human transformation, seek justice and bear witness to the good news of the Kingdom of God."" One sentence on the World Vision website notes that ""all people are valued"" but there is no statement that help is provided without consideration of Christianity or evangelical values.",2,7.9763,"8,904,070",7,0,0,0,0,Mali,"16-Jan-2015 11:50:03 pm",0.0000,-4.6500,
440,"Together Association for Development and Environment (TADE)",http://kiva.org/partners/440,active,2,2.4709,0,0.0699,0,1,,6.1976796575805,26.96,0,0,4,0,"No mention of religion",1.5,8.3424,"5,193,630",23,0,0,0,0,Egypt,"03-Dec-2014 08:40:02 pm",0.0000,11.0000,http://www.together-eg.com
441,Kepler,http://kiva.org/partners/441,active,2,0.0000,0,0.0000,0,1,,0.60923990231073,0,0,0,4,0,"No mention of religion",1.5,0.0000,"665,375",0,0,0,0,0,Rwanda,"15-Jul-2015 06:00:02 am",0.0000,146.5000,http://www.kepler.org
442,"Palmis Mikwofinans Sosyal",http://kiva.org/partners/442,active,0.5,100.0000,0,0.7320,0,1,,2.2161381341186,52.04,0,18,4,0,"Supported by several religious organizations but no indication of a religious agenda.",1,100.0000,"3,735,500",0,0,0,0,0,Haiti,"23-Mar-2015 07:00:21 pm",0.0000,-5.0500,http://www.entrepreneursdumonde.org
443,"Crédit Epargne Formation (CEFOR)",http://kiva.org/partners/443,active,1.5,1.1729,0,0.1075,0,1,,0.039830326642387,54.25,0,1,4,0,"No mention of religion",1.5,2.1736,"3,542,100",46,0,0,0,0,Madagascar,"09-Feb-2015 12:50:02 pm",0.0000,2.1000,http://www.cefor.mg
448,COCAFCAL,http://kiva.org/partners/448,paused,1.5,100.0000,0,0.0000,0,1,,0.0047747866053841,25,0,100,4,0,"No mention of religion",1.5,100.0000,"380,750",0,0,0,0,0,Honduras,"24-Mar-2015 10:20:06 pm",0.0000,2.0000,http://www.mycapucascoffee.coop
449,"Dr. Bronner's / Serendipalm",http://kiva.org/partners/449,active,1.5,0.0000,0,0.0000,0,1,,1.8557416174849,0,0,12,3,0,"The founder Dr. Bronner was a soap maker and self-styled prophet who wrote ""The Moral ABC of Astronomy's Eternal All-One-God-Faith, Unites the Human Race!"" (link on web page).  The basic premise of this rambling treatise is that there is only one god and humans have been around for millions of years with divine ""inspirations"" happening every 76 years.  These messengers include Jesus, Buddha, Confucious, Thomas Paine, Carl Sagan, and Mohammed among others.  A 3 since they don't adhere to a specific religion per se, it's basically Deistic Humanist.",1.5,0.0000,"385,475",12,0,0,0,0,Ghana,"14-Apr-2015 05:50:03 pm",0.0000,-13.2800,https://serendipalm.com/
452,"African Clean Energy (ACE)",http://kiva.org/partners/452,active,1,37.2708,0,9.6797,0,1,,0.68509938405194,0,0,55,4,0,"No mention of religion",0.5,49.7863,"2,252,625",0,0,0,0,0,"Cambodia, Kenya, Lesotho, Uganda","20-Jul-2015 12:10:03 pm",0.0000,-126.3400,http://www.africancleanenergy.com
454,"Smart Credit",http://kiva.org/partners/454,active,2.5,1.3348,0,0.2592,0,1,,0.70659402840719,33.19,0,2,4,0,"No mention of religion",2.5,2.1947,"4,011,660",22,0,0,0,0,Moldova,"07-Jul-2015 07:00:02 am",0.0000,4.6000,http://www.smartcredit.md
457,"Cooperativa de Ahorro y Crédito Mujeres Unidas (CACMU)",http://kiva.org/partners/457,active,2.5,22.9980,0,0.8743,0,1,,0,15.21,0,21,4,0,"No mention of religion",2,33.0112,"3,567,280",41,0,0,0,0,Ecuador,"17-Aug-2015 06:40:03 pm",0.0000,0.1000,http://www.cacmu.com/
458,"Camfed Ghana",http://kiva.org/partners/458,active,4,9.5029,0,0.3086,0,0,,7.0357042363608,0,0,13,4,0,"no mention of religion",4,15.0309,"1,119,475",56,0,0,0,0,Ghana,"28-Sep-2015 06:20:03 am",0.0000,1.8700,https://camfed.org/where-we-work/ghana/
461,"Global Brigades Inc.",http://kiva.org/partners/461,active,1.5,8.8818,0,0.0000,0,1,,0,22.1,0,21,4,0,"Utilizes volunteers through (mostly) university based chapters, volunteer chapters fundraise.
Started at Marquette University (Catholic) but later chapters located at public universities (University of Michigan, USC, UCLA, Wayne State, U Vermont, U Minn, long list)
Vision & goal statements are secular. ""Holistic"" references are to a medical + clean water+ economic + infrastructure + community banking model.",1.5,28.4125,"1,247,625",9,0,0,0,0,"Honduras, Nicaragua, Panama","09-Apr-2018 09:30:03 pm",0.0000,24.9600,http://www.globalbrigades.org
464,"Banco do Povo Crédito Solidario",http://kiva.org/partners/464,active,1,1.0413,0,0.8377,0,1,,0.97938177644773,29.45,0,8,4,0,"no mention of religion",1.5,2.7567,"5,105,920",18,0,0,0,0,Brazil,"10-Nov-2015 02:00:02 pm",0.0000,-1.3400,http://www.bpcs.org.br/
466,"Digital Divide Data (DDD)",http://kiva.org/partners/466,active,2,0.0000,0,5.9297,0,0,,0.006047681801845,0,0,0,4,0,"no mention of religion",2,0.0000,"417,350",0,0,0,0,0,"Cambodia, Kenya, Lao People's Democratic Republic, United States","09-Dec-2015 08:10:02 am",0.0000,20.8700,http://www.digitaldividedata.com
468,"iDE Mozambique",http://kiva.org/partners/468,active,2,10.2847,0,1.4822,0,1,,0.26401945342507,0,0,8,4,0,"no mention of religion",2,40.5549,"1,809,450",7,0,0,0,0,Mozambique,"23-Jun-2016 01:30:05 pm",0.0000,11.8300,http://www.ideorg.org
472,"Hilltribe Organics Limited",http://kiva.org/partners/472,active,1,22.4192,0,0.0000,0,0,,0.39538222068488,0,0,9,4,0,"no mention of religion",1.5,22.4192,"867,300",2,0,0,0,0,Thailand,"16-Mar-2016 02:40:06 pm",0.0000,-25.8900,http://www.hilltribeorganics.com
477,Uncharted,http://kiva.org/partners/477,inactive,1,0.0000,0,4.9967,0,1,,0,8.6,0,0,3,0,"Name change & new website Nov 2017. Quote from a Jewish rapper is in the goals as “keep my feet on the ground and my head in the clouds.” Recent Twitter feeds of founders/board members have nothing religious. Inc.com and Forbes write-ups of founders are secular. One of the founders and one team member include hanging out with faith community in their bios. One board member was in the process of becoming a monk when she became an executive at Wikimedia instead. Most partners are govt/universities/secular; at least one started with possible religious connections (Noorda).",1,0.0000,"150,100",0,0,0,0,0,"Cambodia, Canada, Colombia, Kenya, Mexico, Tanzania, Uganda, United States","12-Jul-2016 05:40:03 pm",0.0000,11.8000,https://uncharted.org/
478,"MCE Social Capital",http://kiva.org/partners/478,inactive,1.5,0.0000,0,0.0000,0,1,,0,7,0,0,4,0,"No mention of religion. 
Overall, MCE Social Capital facilitates loans to microfinance institutions and small to medium business by guaranteeing the loans - examples include backing loans to secular Friendship Bridge, CrediCampo, CACMU, Nor Horizon, as well as non-secular Christian Vision Fund. ",1.5,0.0000,"150,000",0,0,0,0,0,"Benin, Cote D'Ivoire, United States","04-Apr-2017 07:30:08 am",0.0000,-0.2000,http://www.mcesocap.org/
479,"Pomona Impact",http://kiva.org/partners/479,active,1,100.0000,0,11.2321,0,1,,0,6,0,88,4,0,"No mention of religion",1,100.0000,"112,500",0,0,0,0,0,"Costa Rica, Guatemala","18-Oct-2016 05:50:08 pm",0.0000,-3.4000,http://www.pomonaimpact.com
482,"N/A, direct to Mavuno Harvest",http://kiva.org/partners/482,active,,0.0000,0,0.0000,0,0,,0,0,0,,,,,,0.0000,"150,000",0,0,0,0,0,"Ghana, Uganda, United States","28-Jun-2016 02:00:03 pm",0.0000,0.6000,http://www.mavunoharvest.com/
483,"Camfed Zambia",http://kiva.org/partners/483,active,3.5,46.2036,0,0.0000,0,0,,3.5943539230433,0,0,26,4,0,"Camfed = Campaign for Female Education.  Goal is fostering education, independence, and leadership of young women.  Borrowers pay back the ""interest"" in social capital - by volunteering as teaching assistants.",3.5,60.7240,"515,225",0,0,0,0,0,Zambia,"01-Nov-2016 11:30:02 am",0.0000,1.8700,https://camfed.org/our-impact/zambia/
484,"Cooperativa de Ahorro y Crédito Norandino",http://kiva.org/partners/484,active,3,20.5007,0,0.3115,0,1,,0.0038179473107235,23.17,0,3,3,0,"No mention of religion on their website, but their facebook page used some strongly Catholic language. Nothing religious is systematically part of the company, however.",3,21.8954,"3,616,865",22,0,0,0,0,Peru,"08-Aug-2016 10:30:03 pm",0.0000,0.5000,http://www.coopacnorandino.com
486,"N/A, direct to Sosai Renewable Energies",http://kiva.org/partners/486,active,1,0.0000,0,0.0000,0,1,,0,0,0,,,,,,0.0000,"135,000",0,0,0,0,0,Nigeria,"17-Aug-2016 06:10:04 pm",0.0000,0.0000,http://sosairen.org/
490,"N/A, direct to Farmerline",http://kiva.org/partners/490,active,,0.0000,0,0.0000,0,1,,0,0,0,,,,,,0.0000,"250,000",0,0,0,0,0,Ghana,"19-Sep-2016 01:20:02 pm",0.0000,55.4000,http://farmerline.co/
491,"N/A, direct to Vava Coffee",http://kiva.org/partners/491,paused,,0.0000,0,99.8000,0,0,,0,0,0,,,,,,0.0000,"50,000",0,0,0,0,0,Kenya,"21-Sep-2016 07:10:03 pm",0.0000,0.0000,
492,"N/A, direct to Nomanini",http://kiva.org/partners/492,active,,0.0000,0,0.0000,0,0,,0,0,0,,,,,,0.0000,"50,000",0,0,0,0,0,"Ghana, Mozambique, South Africa","12-Nov-2016 03:00:02 am",0.0000,0.0000,http://nomanini.com/
493,Jibu,http://kiva.org/partners/493,active,3,6.1563,0,0.3518,0,0,,0.88168983384639,0,0,14,4,0,"No mention of religion",2.5,21.8474,"2,615,050",1,0,0,0,0,"Burundi, Ghana, Kenya, Rwanda, The Democratic Republic of the Congo, Uganda, Zambia","11-Jan-2017 06:20:03 pm",0.0000,-32.5900,http://jibuco.com
494,"N/A, direct to Prime Cookstoves",http://kiva.org/partners/494,active,,0.0000,0,0.0000,0,0,,0,0,0,,,,,,0.0000,"32,000",0,0,0,0,0,Indonesia,"17-Oct-2016 01:40:07 pm",0.0000,0.0000,
496,"N/A, direct to Soluciones Apropriadas",http://kiva.org/partners/496,active,,0.0000,0,0.0000,0,0,,0,0,0,,,,,,0.0000,"60,000",0,0,0,0,0,Guatemala,"17-Oct-2016 01:40:07 pm",0.0000,0.0000,
497,"N/A, direct to AKM Glitters",http://kiva.org/partners/497,active,,0.0000,0,0.0000,0,0,,0,0,0,,,,,,0.0000,"50,000",0,0,0,0,0,Tanzania,"17-Oct-2016 01:40:07 pm",0.0000,0.0000,http://www.akmglitters.com/
499,"Chamroeun Microfinance Plc",http://kiva.org/partners/499,active,3,4.7228,0,0.2543,0,1,,0.075219663910839,24.17,0,5,4,0,"No mention of religion",3.5,11.8898,"7,031,765",363,0,0,0,0,Cambodia,"23-Nov-2016 08:40:02 am",0.0000,-0.4900,http://www.chamroeun.com
502,"N/A, direct to SCODE",http://kiva.org/partners/502,active,,0.0000,0,0.0000,0,0,,0,0,0,,,,,,0.0000,"35,000",0,0,0,0,0,Kenya,"18-Nov-2016 03:40:05 pm",0.0000,0.0000,
503,"N/A, direct to Vitalite Zambia",http://kiva.org/partners/503,active,1,39.5209,0,0.0000,0,1,,0,0,0,,,,,,100.0000,"350,000",0,0,0,0,0,Zambia,"17-Nov-2016 01:50:04 pm",0.0000,0.0000,https://vitalitegroup.com/
504,"Mountain Lion Agriculture",http://kiva.org/partners/504,active,0.5,100.0000,0,12.7192,0,0,,2.2006332797546,0,0,34,4,0,"No mention of religion",0.5,100.0000,"2,379,675",0,0,0,0,0,"Sierra Leone","09-Jan-2017 08:30:06 am",0.0000,-32.0000,http://www.mlbr.org
505,"N/A, direct to Eco Fuels Kenya",http://kiva.org/partners/505,active,,0.0000,0,0.0000,0,0,,0,0,0,,,,,,0.0000,"50,000",0,0,0,0,0,Kenya,"05-Dec-2016 03:10:08 pm",0.0000,0.0000,http://www.efkgroup.co.ke/
506,"N/A, direct to Dlo Haiti",http://kiva.org/partners/506,active,,0.0000,0,0.0000,0,0,,0,0,0,,,,,,0.0000,"250,000",0,0,0,0,0,Haiti,"09-Dec-2016 11:20:03 pm",0.0000,0.0000,
507,"Aldea Global",http://kiva.org/partners/507,active,2.5,0.0507,0,0.0000,0,1,,0.00081360089945828,24.69,0,1,2,0,"Per their website: ""In harmony with God, the environment, solidarity and gender equity."" Associated with Mercy Corps, which is secular per MinistryWatch:  http://www.ministrywatch.com/profile/mercy-corps.aspx. From a Mercy Corps press release, in 2013: ""Asociación 'Aldea Global' Jinotega was formed by 22 small-scale famers in 1992. Together small-scale farmers, leaders in services and profitable agricultural businesses, are working in harmony with God, the environment, social responsibility and gender equity to be instrumental in the progress of Nicaragua’s rural families. Today, Aldea Global has grown to 1,429 active members."" They are not explicit about what ""harmony with God"" entails, aside from ""Work(ing) Together in Love and Peace"". My impression would be they are closer to a 3 than a 2, despite their ""value"" of harmony with God.",2.5,0.0507,"2,201,325",51,0,0,0,0,Nicaragua,"27-Dec-2016 09:20:04 pm",0.0000,1.3000,http://www.aglobal.org.ni
508,"N/A, direct to Kalsada",http://kiva.org/partners/508,active,,0.0000,0,0.0000,0,0,,0,0,0,,,,,,0.0000,"25,000",0,0,0,0,0,Philippines,"15-Dec-2016 02:00:04 pm",0.0000,0.0000,https://kalsada.com/
509,"N/A, direct to Global Trauma Project",http://kiva.org/partners/509,active,,0.0000,0,0.0000,0,0,,0,0,0,,,,,,0.0000,"130,000",0,0,0,0,0,"Kenya, South Sudan","16-Dec-2016 05:20:03 pm",0.0000,12.4000,
511,"N/A, direct to Manjano",http://kiva.org/partners/511,active,,0.0000,0,0.0000,0,0,,0,0,0,,,,,,0.0000,"35,000",0,0,0,0,0,Tanzania,"18-Jan-2017 05:10:03 pm",0.0000,0.0000,
512,"N/A, direct to EcoZoom",http://kiva.org/partners/512,paused,,0.0000,0,24.8032,0,0,,0,0,0,,,,,,0.0000,"100,000",0,0,0,0,0,Kenya,"20-Jan-2017 04:10:02 am",0.0000,0.0000,https://ecozoomstove.com/
513,"N/A, direct to Cacao de Aroma",http://kiva.org/partners/513,active,1,0.0000,0,0.0000,0,1,,0,0,0,,,,,,0.0000,"440,000",0,0,0,0,0,Peru,"20-Jan-2017 08:30:03 pm",0.0000,1.0000,http://www.cacaodearoma.com
514,"N/A, direct to Industria del Alimentos Procesados Inalproces S.A. (Kiwa)",http://kiva.org/partners/514,active,,0.0000,0,0.0000,0,0,,0,0,0,,,,,,0.0000,"150,000",0,0,0,0,0,Ecuador,"25-Jan-2017 09:50:05 pm",0.0000,0.0000,http://www.kiwalife.com/
515,"N/A, direct to Accents and Art",http://kiva.org/partners/515,active,,0.0000,0,0.0000,0,0,,0,0,0,,,,,,0.0000,"40,000",0,0,0,0,0,Ghana,"16-Feb-2017 07:10:04 pm",0.0000,0.0000,http://www.accents-art.com
516,"N/A, direct to Simusolar",http://kiva.org/partners/516,active,,100.0000,0,0.0000,0,0,,0,0,0,,,,,,100.0000,"350,000",0,0,0,0,0,Tanzania,"01-Mar-2017 05:30:05 pm",0.0000,-85.8000,http://www.simusolar.com/
517,"N/A, direct to ECEG",http://kiva.org/partners/517,active,,0.0000,0,0.0000,0,0,,0,0,0,,,,,,0.0000,"50,000",0,0,0,0,0,Guatemala,"24-Feb-2017 03:10:09 pm",0.0000,0.0000,
520,"N/A, direct to Moko Furniture (Watervale Investments)",http://kiva.org/partners/520,active,,0.0000,0,0.0000,0,0,,0,0,0,,,,,,0.0000,"50,000",0,0,0,0,0,Kenya,"12-Apr-2017 09:00:04 pm",0.0000,-9.8000,
521,"Impact Hub",http://kiva.org/partners/521,active,1,0.0000,0,0.0000,0,1,,2.4348525614893,0,0,0,4,0,"No mention of religion",1,0.0000,"183,975",0,0,0,0,0,"Brazil, El Salvador, Ghana, Mexico, South Africa","19-Jun-2017 08:00:03 am",0.0000,4.5100,http://www.impacthub.net
523,"N/A, direct to Saha Global",http://kiva.org/partners/523,active,,0.0000,0,0.0000,0,0,,0,0,0,,,,,,0.0000,"50,000",0,0,0,0,0,Ghana,"11-Apr-2017 06:20:04 pm",0.0000,0.0000,http://sahaglobal.org/
524,"N/A, direct to PT Green",http://kiva.org/partners/524,active,,0.0000,0,0.0000,0,0,,0,0,0,,,,,,0.0000,"50,000",0,0,0,0,0,Indonesia,"21-Apr-2017 05:20:03 pm",0.0000,-151.6000,
525,"N/A, direct to Thread International",http://kiva.org/partners/525,active,,0.0000,0,0.0000,0,0,,0,0,0,,,,,,0.0000,"10,000",0,0,0,0,0,"Haiti, United States","13-Apr-2017 08:40:03 pm",0.0000,0.0000,
526,"N/A, direct to Pawame",http://kiva.org/partners/526,active,0.5,100.0000,0,0.0000,0,1,,0,0,0,,,,,,100.0000,"250,000",0,0,0,0,0,Kenya,"22-Apr-2017 03:10:07 pm",0.0000,0.0000,
527,"Sembrar Sartawi",http://kiva.org/partners/527,active,2,2.9074,0,0.9582,0,1,,0,17.5,0,4,4,0,"No mention of religion",2,4.5922,"3,935,255",2,0,0,0,0,Bolivia,"13-Jun-2017 08:10:03 am",0.0000,0.0100,http://www.sembrarsartawi.org/
531,"N/A, direct to Azimuth Group Corp",http://kiva.org/partners/531,active,,0.0000,0,0.0000,0,0,,0,0,0,,,,,,0.0000,"130,000",0,0,0,0,0,"Sierra Leone","19-May-2017 07:50:07 pm",0.0000,0.0000,
532,"N/A, direct to All Across Africa",http://kiva.org/partners/532,active,1,100.0000,0,0.0000,0,0,,0,0,0,,,,,,100.0000,"350,000",0,0,0,0,0,"Rwanda, Uganda","20-Jun-2017 02:50:07 pm",0.0000,0.0000,https://www.allacrossafrica.org/
534,"N/A, direct to ANA by Karma",http://kiva.org/partners/534,active,,0.0000,0,0.0000,0,0,,0,0,0,,,,,,0.0000,"10,000",0,0,0,0,0,Bhutan,"19-Jun-2017 07:10:10 pm",0.0000,0.0000,
535,"N/A, direct to Ab Ovo Confectionery Limited",http://kiva.org/partners/535,paused,,0.0000,0,96.1000,0,0,,0,0,0,,,,,,0.0000,"25,000",0,0,0,0,0,Ghana,"19-Jun-2017 08:10:06 pm",0.0000,0.0000,
538,"iDE Ghana",http://kiva.org/partners/538,active,2,0.0000,0,6.1366,0,1,,6.2424407677035,0,0,100,4,0,"Founder Paul Polak wrote ""Out of Poverty: What Works When Traditional Approaches Fail"" identifying as myths that we can donate people out of poverty, that national economic growth will end poverty, and that Big Business, operating as it does now, will end poverty.",2,0.0000,"188,875",9,0,0,0,0,Ghana,"16-Aug-2017 09:30:05 am",0.0000,11.8300,http://www.ideglobal.org
539,"N/A, direct to Sevamob",http://kiva.org/partners/539,active,,0.0000,0,0.0000,0,0,,0,0,0,,,,,,0.0000,"50,000",0,0,0,0,0,"South Africa","17-Aug-2017 12:30:06 pm",0.0000,0.0000,
540,"N/A, direct to Sanergy",http://kiva.org/partners/540,active,,0.0000,0,0.0000,0,0,,0,0,0,,,,,,0.0000,"150,000",0,0,0,0,0,Kenya,"07-Aug-2017 09:20:06 pm",0.0000,-19.8000,
542,"N/A, direct to BioLite Inc.",http://kiva.org/partners/542,active,,0.0000,0,0.0000,0,0,,0,0,0,,,,,,0.0000,"150,000",0,0,0,0,0,"Kenya, Uganda, United States","18-Sep-2017 11:40:03 am",0.0000,0.0000,
543,"N/A, direct to LegWorks Inc.",http://kiva.org/partners/543,active,,0.0000,0,0.0000,0,0,,0,0,0,,,,,,0.0000,"50,000",0,0,0,0,0,Canada,"20-Sep-2017 11:30:04 am",0.0000,0.0000,
544,"Lewa Wildlife Conservancy",http://kiva.org/partners/544,active,1.5,5.1078,0,0.0000,0,1,,0.47223605577689,2.02,0,14,4,0,"Founded by wildlife conservation activists. Partners include conservancies (The Nature Conservancy and local programs), zoos, and local governments.The Lewa Wildlife Conservancy is a UNESCO World Heritage Site.",1.5,86.8068,"200,800",0,0,0,0,0,Kenya,"11-Oct-2017 09:20:06 am",0.0000,8.5400,http://www.lewa.org
545,"N/A, direct to Solar Home",http://kiva.org/partners/545,active,,0.0000,0,0.0000,0,0,,0,0,0,,,,,,0.0000,"50,000",0,0,0,0,0,"Myanmar (Burma)","21-Sep-2017 11:10:03 am",0.0000,0.0000,
546,"N/A, direct to Nucafe",http://kiva.org/partners/546,active,1,100.0000,0,0.0000,0,1,,0,0,0,,,,,,100.0000,"350,000",0,0,0,0,0,Uganda,"10-Oct-2017 11:10:08 am",0.0000,4.6000,
548,"N/A, direct to NaaSakle International",http://kiva.org/partners/548,active,,0.0000,0,0.0000,0,1,,0,0,0,,,,,,0.0000,"50,000",0,0,0,0,0,Ghana,"16-Oct-2017 11:10:07 am",0.0000,0.0000,
549,"South Pacific Business Development (SPBD) - Tonga",http://kiva.org/partners/549,active,3.5,0.3944,0,0.0000,0,1,,0.35857694455223,45.99,0,54,4,0,"No mention of religon",3,1.2041,"6,340,020",67,0,0,0,0,Tonga,"26-Jan-2018 06:20:06 pm",0.0000,11.3100,http://www.spbdmicrofinance.com/spbd-network/tonga
550,"Microfund for Women",http://kiva.org/partners/550,active,4,18.8059,0,3.1759,0,1,,0,26.47,0,44,4,0,"MFW launched its operations in 1994 as a Save the Children pilot programstarted in two Palestinian refugee camps in Amman. In 1999, under the joint leadership of Ghiath Sukhtian and Save the Children,  JWDS was registered as a non-profit limited liability company under its present name, Microfund for Women, with the Ministry of Industry and Trade. It is affiliated to Women’s World Banking.",4,54.0667,"4,220,260",37,0,0,0,0,Jordan,"20-Nov-2017 08:50:04 pm",0.0000,4.7000,
551,"Microhub Financial Services (Pvt) Ltd",http://kiva.org/partners/551,inactive,1,0.0000,0,22.9585,0,1,,0,73,0,100,4,0,"No mention of religion",1,0.0000,"501,425",0,0,0,0,0,Zimbabwe,"07-Dec-2017 07:20:04 pm",0.0000,-1.7000,http://www.microhub.co.zw
552,"N/A, direct to myAgro Farms",http://kiva.org/partners/552,active,,0.0000,0,0.0000,0,0,,0,0,0,,,,,,0.0000,"50,000",0,0,0,0,0,"Mali, Senegal","20-Nov-2017 12:10:03 pm",0.0000,60.4000,http://www.myagro.org/
553,"N/A, direct to Productos SKSFarms",http://kiva.org/partners/553,active,,0.0000,0,0.0000,0,0,,0,0,0,,,,,,0.0000,"50,000",0,0,0,0,0,Ecuador,"22-Nov-2017 12:00:02 pm",0.0000,7.4000,
554,"Cooperativa de Ahorro y Crédito Microfinanzas Prisma (COOPAC MFP)",http://kiva.org/partners/554,active,1.5,11.3428,0,0.3974,0,1,,0.00051383384913636,41.08,0,11,4,0,"No mention of religion",2,14.2289,"4,147,255",68,0,0,0,0,Peru,"27-Feb-2018 09:30:11 pm",0.0000,0.5000,http://microfinanzasprisma.com/
555,"N/A, direct to Solubrite",http://kiva.org/partners/555,active,,0.0000,0,0.0000,0,0,,0,0,0,,,,,,0.0000,"30,000",0,0,0,0,0,Panama,"19-Dec-2017 11:50:08 am",0.0000,-20.0000,
556,"N/A, direct to Groital Company Limited",http://kiva.org/partners/556,active,,0.0000,0,0.0000,0,0,,0,0,0,,,,,,0.0000,"15,000",0,0,0,0,0,Ghana,"20-Dec-2017 10:50:04 pm",0.0000,4.3000,
557,"N/A, direct to Grassland Cameroon",http://kiva.org/partners/557,active,,0.0000,0,0.0000,0,0,,0,0,0,,,,,,0.0000,"45,000",0,0,0,0,0,Cameroon,"21-Dec-2017 03:00:04 pm",0.0000,-31.9000,
558,"N/A, direct to Acceso El Salvador",http://kiva.org/partners/558,active,1,0.0000,0,0.0000,0,1,,0,0,0,,,,,,0.0000,"810,000",0,0,0,0,0,"El Salvador","21-Feb-2018 12:10:10 pm",0.0000,-7.1000,https://acceso.org/where-we-work-el-salvador/
560,"N/A, direct to Suyo",http://kiva.org/partners/560,active,,0.0000,0,0.0000,0,0,,0,0,0,,,,,,0.0000,"50,000",0,0,0,0,0,Colombia,"20-Feb-2018 05:20:03 pm",0.0000,-129.5000,
561,"Camfed Malawi",http://kiva.org/partners/561,active,3.5,98.5024,0,8.6808,0,0,,1.9561463343536,0,0,76,4,0,"No mention of religion.",3.5,100.0000,"171,525",0,0,0,0,0,Malawi,"30-May-2018 07:30:08 am",0.0000,1.8700,http://www.camfed.org
562,"South Pacific Business Development (SPBD) - Fiji",http://kiva.org/partners/562,active,2.5,3.4854,0,0.0354,0,1,,0,49.65,0,7,4,0,"No mention of religon",2.5,25.3475,"5,665,905",339,0,0,0,0,Fiji,"06-Mar-2018 05:40:04 am",0.0000,-0.0100,http://www.spbdmicrofinance.com/spbd-network/fiji
563,"N/A, direct to ATEC Biodigesters Australia-International Pty Ltd",http://kiva.org/partners/563,active,,0.0000,0,0.0000,0,1,,0,0,0,,,,,,0.0000,"25,000",0,0,0,0,0,Cambodia,"20-Mar-2018 06:10:04 pm",0.0000,-6.5000,
564,"Small Enterprise Development Co., Ltd. (SED)",http://kiva.org/partners/564,active,2,8.2058,0,0.0000,0,1,,1.4989036298899,17.97,0,18,4,0,"SED stemmed from a village banking project established by Catholic Relief Services. When CRS phased out of Thailand, SED was established as an independent entity focused on continuing and growing the project.
Vision & mission statement have no mention of religion, focus is on banking products",2,43.1721,"1,276,485",0,0,0,0,0,Thailand,"25-Apr-2018 05:10:03 am",0.0000,5.9600,http://sedcompany.org/
565,"N/A, direct to Drinkwell",http://kiva.org/partners/565,active,1,45.4500,0,0.0000,0,1,,0,0,0,,,,,,100.0000,"450,000",0,0,0,0,0,Bangladesh,"21-Mar-2018 01:20:04 pm",0.0000,6.5000,https://drinkwellsystems.com/
566,"N/A, direct to Dairy Quality Assurance Lab",http://kiva.org/partners/566,active,,0.0000,0,0.0000,0,0,,0,0,0,,,,,,0.0000,"50,000",0,0,0,0,0,Rwanda,"26-Mar-2018 01:10:04 pm",0.0000,18.8000,
567,"Diaconía Asociacion para el Desarrollo de Paraguay (Diaconía ADP)",http://kiva.org/partners/567,active,2,0.0000,0,0.0000,0,1,,0.025515668871427,20.06,0,0,1,0,"""Christ-centered financial services"", ""Creating an environment where our clients can hear the Word of God and receive companionship that the chaplains are able to offer"", etc, from their website",1.5,0.0000,"1,326,675",2,0,0,0,0,Paraguay,"30-Jul-2018 09:10:08 pm",0.0000,12.1500,http://www.diaconia.com.py
568,"N/A, direct to Yellow Leaf Hammocks",http://kiva.org/partners/568,active,,0.0000,0,0.0000,0,0,,0,0,0,,,,,,0.0000,"150,000",0,0,0,0,0,Thailand,"23-Apr-2018 08:40:02 am",0.0000,59.7000,
569,"N/A, direct to El Colaboratorio",http://kiva.org/partners/569,active,,0.0000,0,0.0000,0,1,,0,0,0,,,,,,0.0000,"10,000",0,0,0,0,0,Colombia,"21-May-2018 01:30:08 pm",0.0000,0.6000,
571,"N/A, direct to Cedro Alto",http://kiva.org/partners/571,active,,0.0000,0,0.0000,0,0,,0,0,0,,,,,,0.0000,"150,000",0,0,0,0,0,Colombia,"07-Jun-2018 11:30:05 am",0.0000,5.1000,
572,YIKRI,http://kiva.org/partners/572,active,1,40.5955,0,0.1689,0,1,,0.29415239295029,20.18,0,8,4,0,"No mention of religion. Associated with ""Entrepreneurs du Monde"" who are secular",1.5,68.6825,"3,953,070",2,0,0,0,0,"Burkina Faso","11-Sep-2018 08:00:05 pm",0.0000,-4.2800,http://www.entrepreneursdumonde.org/nos-actions/nos-partenaires-locaux/yikri/
573,"N/A, direct to Cooperativa Agraria Agropia Ltda",http://kiva.org/partners/573,active,,0.0000,0,0.0000,0,1,,0,0,0,,,,,,0.0000,"40,000",0,0,0,0,0,Peru,"21-Jun-2018 12:20:04 pm",0.0000,6.1000,
575,"N/A, direct to MoringaConnect Inc",http://kiva.org/partners/575,active,1,0.0000,0,0.0000,0,1,,0,0,0,,,,,,0.0000,"450,000",0,0,0,0,0,Ghana,"01-Aug-2018 04:10:07 pm",0.0000,0.0000,https://moringaconnect.com/
577,"N/A, direct to Meridia",http://kiva.org/partners/577,active,0.5,0.0000,0,0.0000,0,0,,0,0,0,,,,,,0.0000,"250,000",0,0,0,0,0,Ghana,"01-Aug-2018 11:00:03 am",0.0000,-114.1000,http://meridia.land
578,"Baobab+ Madagascar",http://kiva.org/partners/578,active,1,11.9361,0,1.1710,0,0,,0.34422164640223,0,0,28,4,0,"No mention of religion",0.5,47.3288,"877,975",0,0,0,0,0,Madagascar,"14-Feb-2019 05:40:12 pm",0.0000,-19.5000,http://www.baobabplus.com
580,"N/A, direct to Cooperativa Allima Cacao",http://kiva.org/partners/580,active,,0.0000,0,0.0000,0,1,,0,0,0,,,,,,0.0000,"50,000",0,0,0,0,0,Peru,"05-Sep-2018 12:10:04 pm",0.0000,0.0000,
581,"N/A, direct to Apropal",http://kiva.org/partners/581,active,,0.0000,0,0.0000,0,0,,0,0,0,,,,,,0.0000,"55,000",0,0,0,0,0,Peru,"19-Sep-2018 07:10:02 am",0.0000,0.7000,
582,"Women's Micro Bank (WMB)",http://kiva.org/partners/582,active,1.5,33.3802,0,0.3776,0,1,,0,55.68,0,25,4,0,"No mention of religion.",1,43.7804,"552,100",0,0,0,0,0,"Papua New Guinea","13-Nov-2018 10:20:05 pm",0.0000,4.4000,http://www.womenmicrobank.com
583,"N/A, direct to iDE Ghana (Sama Sama)",http://kiva.org/partners/583,active,,0.0000,0,0.0000,0,0,,0,0,0,,,,,,0.0000,"50,000",0,0,0,0,0,Ghana,"01-Oct-2018 11:20:04 am",0.0000,0.0000,
585,"N/A, direct to Jibu",http://kiva.org/partners/585,active,,0.0000,0,0.0000,0,1,,0,0,0,,,,,,0.0000,"50,000",0,0,0,0,0,Rwanda,"19-Oct-2018 02:50:05 pm",0.0000,-21.8000,
586,"N/A, direct to Endorfin",http://kiva.org/partners/586,active,,0.0000,0,0.0000,0,0,,0,0,0,,,,,,0.0000,"50,000",0,0,0,0,0,"United States","18-Oct-2018 07:10:03 am",0.0000,-77.4000,
587,"N/A, direct to GreenFingers Mobile",http://kiva.org/partners/587,active,,0.0000,0,0.0000,0,1,,0,0,0,,,,,,0.0000,"15,000",0,0,0,0,0,"Malawi, Tanzania, Zimbabwe","17-Oct-2018 11:10:06 am",0.0000,0.0000,
588,"VisionFund Uganda",http://kiva.org/partners/588,active,2,27.2466,0,0.3612,0,1,,0.17973545606895,58.33,0,7,1,0,"A subsidiary of VisionFund International, a global microfinance institution that is owned by World Vision International, a Christian relief development and advocacy organization. ""We believe in brighter futures for children where they can experience the love of Christ, building lives free of need and full of promise."" State they lend to the poorest, but no statement that they lend without concern to religion.",1,76.6656,"1,670,800",0,0,0,0,0,Uganda,"10-Jan-2019 07:40:09 am",0.0000,-1.7000,https://www.visionfund.org/where-we-work/africa/uganda
590,FUNDENUSE,http://kiva.org/partners/590,active,4,1.0906,0,0.1916,0,1,,0,34.23,0,1,4,0,"No mention of religion",4,1.1311,"3,136,635",34,0,0,0,0,Nicaragua,"18-Dec-2018 09:40:05 pm",0.0000,7.1100,http://fundenuse.com.ni/es/
591,"N/A, direct to Nazava Water Filters",http://kiva.org/partners/591,active,,0.0000,0,0.0000,0,0,,0,0,0,,,,,,0.0000,"50,000",0,0,0,0,0,Indonesia,"17-Jan-2019 12:40:06 pm",0.0000,-9.6000,
592,"N/A, direct to Cherehani Africa",http://kiva.org/partners/592,active,1,0.0000,0,0.0000,0,1,,0,0,0,,,,,,0.0000,"330,000",0,0,0,0,0,Kenya,"21-Jan-2019 08:00:04 am",0.0000,6.9000,https://cherehani.org/
593,"N/A, direct to IMPAQTO",http://kiva.org/partners/593,active,,0.0000,0,0.0000,0,0,,0,0,0,,,,,,0.0000,"50,000",0,0,0,0,0,Ecuador,"05-Mar-2019 12:00:08 pm",0.0000,7.5000,
595,"N/A, direct to Krakakoa",http://kiva.org/partners/595,active,0.5,100.0000,0,0.0000,0,0,,0,0,0,,,,,,100.0000,"107,000",0,0,0,0,0,Indonesia,"01-May-2019 11:10:07 am",0.0000,0.0000,
596,"Apollo Agriculture",http://kiva.org/partners/596,active,2.5,100.0000,0,17.4815,0,1,,0.1368837771227,161.92,0,23,4,0,"Data driven:The Apollo Agriculture team combines deep science, software engineering, and operations experience from The Climate Corporation (acquired for ~$1B), One Acre Fund, Uber, and Google. ",2,100.0000,"2,586,625",0,0,0,0,0,Kenya,"13-Sep-2019 09:30:12 pm",0.0000,-49.7200,http://www.apolloagriculture.com
597,"N/A, direct to Regenesys",http://kiva.org/partners/597,active,,0.0000,0,0.0000,0,0,,0,0,0,,,,,,0.0000,"50,000",0,0,0,0,0,Philippines,"19-Jun-2019 11:20:08 am",0.0000,0.0000,
598,"N/A, direct to Bidhaa Sasa",http://kiva.org/partners/598,active,,0.0000,0,0.0000,0,1,,0,0,0,,,,,,0.0000,"280,000",0,0,0,0,0,Kenya,"01-Jul-2019 11:00:14 am",0.0000,-28.0000,
599,"N/A, direct to Rabboni",http://kiva.org/partners/599,active,1,100.0000,0,0.0000,0,1,,0,0,0,,,,,,100.0000,"250,000",0,0,0,0,0,Uganda,"17-Jul-2019 11:30:17 am",0.0000,0.0000,
600,"N/A, direct to Deevabits Green Energy",http://kiva.org/partners/600,active,1,0.0000,0,0.0000,0,1,,0,0,0,,,,,,0.0000,"288,000",0,0,0,0,0,Kenya,"01-Oct-2019 12:50:20 pm",0.0000,0.0000,http://www.deevabitsgreen.com
601,"N/A, direct to BURN Manufacturing",http://kiva.org/partners/601,active,1,0.0000,0,0.0000,0,1,,0,0,0,,,,,,0.0000,"300,000",0,0,0,0,0,Kenya,"21-Oct-2019 07:00:08 am",0.0000,10.6000,
602,"N/A, direct to Grupo R5 LTDA",http://kiva.org/partners/602,active,1,0.0000,0,0.0000,0,1,,0,0,0,,,,,,0.0000,"250,000",0,0,0,0,0,Colombia,"18-Nov-2019 03:40:12 pm",0.0000,-1.3000,http://www.grupoR5.com
603,"N/A, direct to Cycle Connect",http://kiva.org/partners/603,active,1,0.0000,0,0.0000,0,1,,0,0,0,,,,,,0.0000,"200,000",0,0,0,0,0,Uganda,"21-Nov-2019 08:10:07 am",0.0000,59.7000,http://cycleconnect.org/
604,"N/A, direct to Jibu Tanzania",http://kiva.org/partners/604,active,1,0.0000,0,0.0000,0,0,,0,0,0,,,,,,0.0000,"115,000",0,0,0,0,0,Tanzania,"02-Dec-2019 12:10:11 pm",0.0000,-20.3000,
605,"VisionFund Senegal",http://kiva.org/partners/605,active,2,1.6613,0,0.0000,0,1,,0,24.71,0,0,1,0,"Established in July 2016 as a subsidiary of World Vision International, a Christian relief development and advocacy organization
""We look forward to a world where every child experiences Jesus’ promise of life in all its fullness.""",2,1.6613,"1,182,580",1,0,0,0,0,Senegal,"06-Mar-2020 11:40:12 pm",0.0000,-0.7800,http://www.visionfund.org
606,"Opportunity Bank Uganda Ltd",http://kiva.org/partners/606,inactive,1,100.0000,0,0.0000,0,1,,0,40.19,0,100,2,0,"No indication that loans are affected by religion but Core values are listed as:  
C- Commitment
H- Humility
R- Respect
I-Innovation
S- Service
T- Trust",2,100.0000,"156,350",0,0,0,0,0,Uganda,"05-Mar-2020 08:30:10 am",0.0000,-2.6000,https://www.opportunitybank.co.ug/
607,"Pro Mujer Nicaragua",http://kiva.org/partners/607,active,2.5,1.9597,0,0.0000,0,1,,0,59.12,0,1,4,0,"Pro Mujer Nicaragua is one of the country programs of global nonprofit Pro Mujer. ",2,2.6545,"4,187,855",43,0,0,0,0,Nicaragua,"04-Mar-2020 01:30:12 am",0.0000,3.5000,https://nicaragua.promujer.org/
608,"N/A, direct to Metiercrafts",http://kiva.org/partners/608,active,0.5,100.0000,0,0.0000,0,0,,0,0,0,,,,,,100.0000,"20,000",0,0,0,0,0,Ecuador,"17-Mar-2020 11:10:28 am",0.0000,43.9000,https://metiercrafts.com/
609,"d.light design",http://kiva.org/partners/609,active,3,23.0769,0,0.0000,0,1,,0,0,0,27,4,0,"No mention of religion. Founder Sam Goldman was a Peace Corp Volunteer. Partners with UNHCR, the World Bank. Unilever, Oxfam, Brac, and also World Vision (no indication of religious influence).",3,23.0769,"2,600,000",1,0,0,0,0,"Benin, Kenya, Liberia, Madagascar, Mali, Mozambique, Namibia, Nigeria, Papua New Guinea, South Africa, Zambia, Zimbabwe","30-Apr-2020 11:40:12 pm",0.0000,-14.7800,http://dlight.com
610,"N/A, direct to Acceso Colombia",http://kiva.org/partners/610,active,0.5,0.0000,0,0.0000,0,1,,0,0,0,,,,,,0.0000,"50,000",0,0,0,0,0,Colombia,"28-May-2020 10:30:05 pm",0.0000,-51.6000,https://acceso.org/
611,"South Pacific Business Development (SPBD) - Vanuatu",http://kiva.org/partners/611,active,1.5,9.6406,0,0.0000,0,1,,0,60.93,0,16,4,0,"No mention of religon",1.5,19.8410,"1,369,265",23,0,0,0,0,Vanuatu,"10-Nov-2020 03:50:46 pm",0.0000,-8.8500,http://www.spbdmicrofinance.com/
612,"N/A, direct to BioLite Holdings Kenya Limited",http://kiva.org/partners/612,active,1,0.0000,0,0.0000,0,1,,0,0,0,,,,,,0.0000,"200,000",0,0,0,0,0,Kenya,"23-Jun-2020 08:40:17 pm",0.0000,0.0000,http://bioliteenergy.com
613,"N/A, Direct to Mother's Shea",http://kiva.org/partners/613,active,0.5,0.0000,0,0.0000,0,1,,0,0,0,,,,,,0.0000,"70,000",0,0,0,0,0,Ghana,"14-Aug-2020 07:50:29 pm",0.0000,0.0000,
614,"N/A, direct to Kuli Kuli",http://kiva.org/partners/614,active,1,0.0000,0,0.0000,0,1,,0,0,0,,,,,,0.0000,"750,005",0,0,0,0,0,"United States","26-Aug-2020 07:20:29 pm",0.0000,0.0000,http://www.kulikulifoods.com
615,Fansoto,http://kiva.org/partners/615,active,1,0.4258,0,0.0000,0,1,,0.2540000868923,21.09,0,0,4,0,"No mention of religion. This MFI was started by ""Entrepreneurs du Monde"" who are secular",1,0.4258,"1,150,850",82,0,0,0,0,Senegal,"09-Nov-2020 10:50:13 pm",0.0000,-1.1100,http://www.entrepreneursdumonde.org
616,"N/A, direct to Solar Sister",http://kiva.org/partners/616,active,1,20.0000,0,0.0000,0,1,,0,0,0,,,,,,100.0000,"250,000",0,0,0,0,0,"Nigeria, Tanzania, Uganda","11-Nov-2020 08:00:20 pm",0.0000,0.0000,https://solarsister.org/
617,"N/A, direct to Vega Coffee",http://kiva.org/partners/617,active,,100.0000,0,0.0000,0,1,,0,0,0,,,,,,100.0000,"120,000",0,0,0,0,0,"United States","25-Nov-2020 07:50:09 pm",0.0000,0.0000,
618,"N/A, direct to Altech",http://kiva.org/partners/618,active,1,0.0000,0,0.0000,0,1,,0,0,0,,,,,,0.0000,"600,000",0,0,0,0,0,"The Democratic Republic of the Congo","02-Dec-2020 08:50:38 pm",0.0000,0.0000,https://www.altech-rdc.com/
619,"N/A, direct to Teliman",http://kiva.org/partners/619,active,0.5,100.0000,0,0.0000,0,1,,0,0,0,,,,,,100.0000,"50,000",0,0,0,0,0,Mali,"17-Dec-2020 11:30:13 am",0.0000,0.0000,
620,"FISD Finance for Agriculture Development (FIFAD)",http://kiva.org/partners/620,active,1,0.0000,0,0.0000,0,1,,1.7182932776036,90.27,0,100,,0,,1,0.0000,"143,550",0,0,0,0,0,Malawi,"19-May-2021 01:43:44 pm",0.0000,0.4000,http://www.fisdltd.mw
621,"FINAMIGA UNI2",http://kiva.org/partners/621,active,4,0.8794,0,2.7928,0,1,,0,36.46,0,86,,0,,1.5,16.4157,"1,128,120",16,0,0,0,0,Colombia,"13-May-2021 07:50:11 am",0.0000,1.9100,http://www.finamiga.co
622,"Turkish Grameen Microfinance Program",http://kiva.org/partners/622,active,1.5,0.2564,0,0.0000,0,1,,12.195774560752,33.63,0,0,,0,,1.5,1.2420,"1,616,400",123,0,0,0,0,Turkey,"30-Jun-2021 05:20:18 pm",0.0000,3.2000,http://www.tgmp.net/tr/
623,"N/A, direct to Mountain Harvest",http://kiva.org/partners/623,active,1,0.0000,0,0.0000,0,1,,0,0,0,,,,,,0.0000,"250,000",0,0,0,0,0,Uganda,"26-Mar-2021 08:00:11 pm",0.0000,0.0000,https://mountainharvest.com/
624,"N/A, direct to Norcafé Peru",http://kiva.org/partners/624,active,1,0.0000,0,0.0000,0,1,,0,0,0,,,,,,0.0000,"50,000",0,0,0,0,0,Peru,"26-Mar-2021 07:20:14 pm",0.0000,0.0000,
625,"N/A, direct to GGEM Farming",http://kiva.org/partners/625,active,0.5,0.0000,0,0.0000,0,1,,0,0,0,,,,,,0.0000,"50,000",0,0,0,0,0,Malawi,"07-Apr-2021 05:30:12 pm",0.0000,0.0000,http://www.ggemfarming.com/
626,"N/A, direct to Mwangaza Light",http://kiva.org/partners/626,active,0.5,0.0000,0,0.0000,0,1,,0,0,0,,,,,,0.0000,"50,000",0,0,0,0,0,Kenya,"20-Apr-2021 03:10:11 pm",0.0000,0.0000,
627,"Fundación Salvadoreña de Apoyo Integral (FUSAI)",http://kiva.org/partners/627,active,1.5,13.3005,0,0.2992,0,1,,0,65.72,0,8,,0,,1.5,28.7898,"2,044,965",48,0,0,0,0,"El Salvador","03-Jun-2021 08:00:16 pm",0.0000,4.9100,
628,"N/A, direct to ColdHubs",http://kiva.org/partners/628,active,0.5,100.0000,0,0.0000,0,1,,0,0,0,,,,,,100.0000,"100,000",0,0,0,0,0,Nigeria,"03-Jun-2021 03:20:19 pm",0.0000,0.0000,https://www.coldhubs.com/
629,"N/A, direct to Cerrito (Fundacion Paraguaya)-Cheese Factory",http://kiva.org/partners/629,active,1,0.0000,0,0.0000,0,1,,0,0,0,,,,,,0.0000,"100,000",0,0,0,0,0,Paraguay,"09-Aug-2021 08:40:23 pm",0.0000,0.0000,http://www.fundacionparaguaya.org.py/v2/?proyecto=escuelas-autosostenibles-3
630,"N/A, direct to Ilara Health",http://kiva.org/partners/630,active,1,0.0000,0,0.0000,0,1,,0,0,0,,,,,,0.0000,"250,000",0,0,0,0,0,Kenya,"10-Aug-2021 06:40:13 pm",0.0000,0.0000,https://www.ilarahealth.com/
631,"N/A, Direct to JITA",http://kiva.org/partners/631,active,2,42.8571,0,0.0000,0,0,,0,0,0,,,,,,100.0000,"250,000",0,0,0,0,0,Bangladesh,"07-Sep-2021 07:30:13 pm",0.0000,-7.7000,https://jitabangladesh.com/
632,"Jibu Tanzania",http://kiva.org/partners/632,active,1,0.0000,0,0.0000,0,1,,0.34273013966061,0,0,,,,,,0.0000,"332,950",3,0,0,0,0,Tanzania,"24-Dec-2021 03:30:41 pm",0.0000,-88.2000,https://jibuco.com/tz/
633,"FINCA Uganda",http://kiva.org/partners/633,active,2,0.0000,0,0.0000,0,1,,0.60018160355943,42.05,0,,,,,,0.0000,"55,065",0,0,0,0,0,Uganda,"03-Jan-2022 12:50:14 pm",0.0000,1.2000,http://www.fincaug.com
634,"N/A, direct to Nilus",http://kiva.org/partners/634,active,1,0.0000,0,0.0000,0,1,,0,0,0,,,,,,0.0000,"300,000",0,0,0,0,0,Mexico,"15-Oct-2021 07:30:24 pm",0.0000,0.0000,https://www.nilus.online/
635,"Instituto de Investigaciones Socio-Económicas y Tecnológicas (INSOTEC)",http://kiva.org/partners/635,active,2,0.0000,0,0.0000,0,1,,0,20,0,,,,,,0.0000,"13,575",0,0,0,0,0,Ecuador,"23-Aug-2022 10:30:11 pm",0.0000,2.7300,https://www.insotec-ec.com/
636,"ATEC Global",http://kiva.org/partners/636,active,1,3.2856,0,30.9278,0,1,,0.0059190404797601,0,0,,,,,,30.3976,"166,750",0,0,0,0,0,"Bangladesh, Cambodia","01-Apr-2022 05:10:12 pm",0.0000,-50.3600,https://www.atecglobal.io/
637,Aflore,http://kiva.org/partners/637,active,1,37.9341,0,0.0000,0,1,,1.2289236319904,42.24,0,,,,,,80.4723,"83,150",0,0,0,0,0,Colombia,"04-Apr-2022 04:30:35 pm",0.0000,-37.2000,http://www.aflore.co/
638,"Agora Microfinance Zambia",http://kiva.org/partners/638,active,1.5,34.7108,0,0.0000,0,1,,7.0710310463779,77.2,0,,,,,,98.1202,"65,225",0,0,0,0,0,Zambia,"14-Sep-2022 03:00:12 pm",0.0000,3.4000,http://www.amz.co.zm
639,"N/A, direct to Complete Farmer Limited",http://kiva.org/partners/639,active,2,0.0000,0,0.0000,0,1,,0,0,0,,,,,,0.0000,"50,000",1,0,0,0,0,Ghana,"22-Feb-2022 08:00:24 pm",0.0000,0.0000,https://www.completefarmer.com/
640,"N/A, direct to Novulis",http://kiva.org/partners/640,active,1,0.0000,0,0.0000,0,1,,0,0,0,,,,,,0.0000,"350,000",0,0,0,0,0,Ecuador,"22-Feb-2022 06:00:13 pm",0.0000,0.0000,https://novulismed.com/
641,"Teledata ICT",http://kiva.org/partners/641,active,1.5,0.0000,0,0.0000,0,0,,1.7020705295385,0,0,,,,,,0.0000,"220,475",4,0,0,0,0,Ghana,"06-Apr-2022 05:10:25 pm",0.0000,8.2000,https://www.teledataict.com/
642,"N/A, direct to Nuru",http://kiva.org/partners/642,active,1,0.0000,0,0.0000,0,1,,0,0,0,,,,,,0.0000,"100,000",0,0,0,0,0,"The Democratic Republic of the Congo","11-Mar-2022 11:40:10 am",0.0000,0.0000,https://nuru.cd/
643,"N/A, direct to Powered By People",http://kiva.org/partners/643,active,1,0.0000,0,0.0000,0,0,,0,0,0,,,,,,0.0000,"50,000",0,0,0,0,0,"Canada, Kenya","04-Apr-2022 06:30:13 pm",0.0000,0.0000,https://www.poweredbypeople.com/
644,"COPEME Perú",http://kiva.org/partners/644,active,2,0.0000,0,0.0000,0,1,,0,12.68,0,,,,,,0.0000,"99,775",0,0,0,0,0,Peru,"17-Oct-2022 08:00:14 pm",0.0000,4.5000,http://www.copeme.org.pe
645,"N/A, direct to Poliestudios",http://kiva.org/partners/645,active,1,100.0000,0,0.0000,0,1,,0,0,0,,,,,,100.0000,"50,000",0,0,0,0,0,Ecuador,"19-May-2022 07:10:12 pm",0.0000,0.0000,https://www.poliestudios.org/
647,"N/A, direct to VEP Enterprise Ltd",http://kiva.org/partners/647,active,1,0.0000,0,0.0000,0,1,,0,0,0,,,,,,0.0000,"100,000",0,0,0,0,0,Kenya,"08-Jul-2022 03:20:08 pm",0.0000,0.0000,https://vepenterprises.com/
648,"Procredito Mexico",http://kiva.org/partners/648,active,2,0.0000,0,0.0000,0,1,,0,19.78,0,,,,,,0.0000,"160,675",0,0,0,0,0,Mexico,"05-Oct-2022 07:30:11 am",0.0000,2.9100,https://www.procredito.com.mx/
649,"Victoria Finance Plc",http://kiva.org/partners/649,active,1.5,10.0207,0,0.0000,0,1,,1.3554804826118,50.41,0,,,,,,28.0408,"176,125",30,0,0,0,0,Tanzania,"16-Feb-2023 08:40:32 am",0.0000,5.6000,http://www.victoriafinance.co.tz
651,"Eskala Inc",http://kiva.org/partners/651,active,1.5,1.8086,0,0.0000,0,1,,0,0,0,,,,,,17.1839,"279,400",2,0,0,0,0,Honduras,"24-Nov-2022 05:40:21 pm",0.0000,-9.7100,https://www.eskala.org/
652,"Asociacion Salvadoreña de Extencionistas del Incae (ASEI)",http://kiva.org/partners/652,active,2,3.7239,0,0.0000,0,1,,0,44.36,0,,,,,,9.1478,"418,225",0,0,0,0,0,"El Salvador","28-Feb-2023 09:00:17 pm",0.0000,5.5900,https://asei-sv.org/
653,"N/A, direct to Diaspora Co.",http://kiva.org/partners/653,active,1,0.0000,0,0.0000,0,0,,0,0,0,,,,,,0.0000,"50,000",0,0,0,0,0,India,"22-Nov-2022 10:40:08 pm",0.0000,0.0000,https://www.diasporaco.com/
654,"VisionFund Mongolia",http://kiva.org/partners/654,active,2,0.0117,0,0.0000,0,1,,0,38.3,0,,,,,,0.3004,"230,850",8,0,0,0,0,Mongolia,"07-Jan-2023 08:20:18 am",0.0000,6.0000,https://www.visionfund.org/
655,Conserva,http://kiva.org/partners/655,active,2,1.9855,0,0.0000,0,1,,0.2142203639613,0,0,,,,,,2.7170,"1,499,610",76,0,0,0,0,Mexico,"07-Mar-2023 04:00:19 pm",0.0000,4.6700,https://www.conserva.org.mx/
656,"N/A, direct to Burlap & Barrel",http://kiva.org/partners/656,active,1,0.0000,0,0.0000,0,1,,0,0,0,,,,,,0.0000,"100,000",0,0,0,0,0,"United States","19-Jan-2023 05:00:31 pm",0.0000,0.0000,https://www.burlapandbarrel.com/
657,"N/A, direct to UOPROCAE",http://kiva.org/partners/657,active,0.5,0.0000,0,0.0000,0,1,,0,0,0,,,,,,0.0000,"50,000",0,0,0,0,0,Ecuador,"07-Mar-2023 12:20:13 am",0.0000,0.0000,https://permaculturacaimit.wixsite.com/uoprocae
660,"N/A, direct to Tivwane Money Solution",http://kiva.org/partners/660,active,0.5,0.0000,0,0.0000,0,1,,0,0,0,,,,,,0.0000,"50,000",0,0,0,0,0,Zambia,"05-Apr-2023 03:40:31 pm",0.0000,0.0000,https://www.tivwanemoney.com/
661,"Bailyk Finance Microcredit Company",http://kiva.org/partners/661,active,2,0.0000,0,0.0000,0,1,,0.00025974025974026,0,0,,,,,,0.0000,"15,400",54,0,0,0,0,Kyrgyzstan,"29-Sep-2023 08:00:19 am",0.0000,4.7000,https://bf.kg/en/
662,"N/A, direct to Suritex SAC",http://kiva.org/partners/662,active,1,0.0000,0,0.0000,0,1,,0,0,0,,,,,,0.0000,"50,000",0,0,0,0,0,Peru,"06-Jun-2023 03:20:18 pm",0.0000,0.0000,http://www.suritexperu.com
663,"Baobab+ Côte d'Ivoire",http://kiva.org/partners/663,active,1,0.0130,0,0.0000,0,1,,0,0,0,,,,,,1.4264,"86,125",0,0,0,0,0,"Cote D'Ivoire","14-Sep-2023 05:40:22 pm",0.0000,0.0000,https://www.baobabplus.com/
664,"Summit Vision Microfinance Services Limited",http://kiva.org/partners/664,active,1.5,0.0000,0,0.0000,0,1,,0,0,0,,,,,,0.0000,"68,500",28,0,0,0,0,Ghana,"21-Aug-2023 12:40:08 pm",0.0000,0.0000,http://www.summitvisiongh.com
665,"N/A, direct to MPower Ventures AG",http://kiva.org/partners/665,active,0.5,0.0000,0,0.0000,0,1,,0,0,0,,,,,,0.0000,"50,000",0,0,0,0,0,Cameroon,"26-Jul-2023 06:10:20 pm",0.0000,0.0000,https://www.mpower.africa/
667,"Confiamos Colombia SAS",http://kiva.org/partners/667,active,1.5,0.0000,0,0.0000,0,1,,0,0,0,,,,,,0.0000,"13,200",8,0,0,0,0,Colombia,"11-Sep-2023 04:40:15 pm",0.0000,5.4000,http://www.confiamoscolombia.com
668,"N/A, direct to Liberia Cocoa Corporation",http://kiva.org/partners/668,active,0.5,0.0000,0,0.0000,0,1,,0,0,0,,,,,,0.0000,"50,000",0,0,0,0,0,Liberia,"07-Sep-2023 10:30:20 pm",0.0000,0.0000,http://www.liberiacocoa.com
669,"N/A, direct to DAR Proyectos",http://kiva.org/partners/669,active,1,0.0000,0,0.0000,0,1,,0,0,0,,,,,,0.0000,0,1,0,0,0,0,Peru,"26-Sep-2023 07:10:15 pm",0.0000,0.0000,http://www.dar-proyectos.com
